:020000040800F2
:1000000060230020B501000889420008D1250008BE
:100010009D34000895050008AD4A00080000000066
:10002000000000000000000000000000514A00082D
:100030001507000800000000914600087D4A0008EE
:10004000CF010008CF010008CF010008CF01000850
:10005000CF010008CF010008CF010008CF01000840
:1000600019070008CF010008CF010008CF010008E0
:10007000CF010008CF010008CF010008CF01000820
:10008000CF010008CF010008CF010008CF01000810
:10009000CF010008CF010008CF010008CF01000800
:1000A000CF010008CF010008CF010008CF010008F0
:1000B000A14A0008CF010008CF010008CF010008C5
:1000C000CF010008CF010008CF010008CF010008D0
:1000D000CF010008CF010008CF010008CF010008C0
:1000E000CF010008CF010008CF01000800F002F89E
:1000F00000F050F814A696E8000CB244B344DA4578
:1001000001D100F047F8BAE80F000FA696E83000DA
:10011000A5EB040504EB0607AAEB0704A7F101070A
:100120004FEA15154FEA3414A4F10104AC4201D38F
:1001300000F030F813F0010F18BFFB1A43F0010371
:1001400000F001F8DBE7184738B5000058B50000AB
:10015000103A24BF78C878C1FAD8520724BF30C8F3
:1001600030C144BF04680C60704700007047000055
:100170000023002400250026103A28BF78C1FBD8B0
:10018000520728BF30C148BF0B6070471FB51FBD65
:1001900010B510BD00F0C8F91146FFF7F7FF05F0E4
:1001A0001BFE00F0E6F903B4FFF7F2FF03BC00F01A
:1001B000E9F900000948804709480047FEE7FEE7E3
:1001C000FEE7FEE7FEE7FEE7FEE7FEE7FEE7FEE707
:1001D00004480549054A064B704700009D4A00083F
:1001E000ED000008601D002060230020601F00203B
:1001F000601F002053EA020C23D010B54C1084EA93
:10020000530404D54042C1F1000138BF491E1B42CE
:1002100004D55242C3F1000338BF5B1E00F0C7F89B
:1002200014F0804F04D04042C1F1000138BF491E94
:1002300014F0004F04D05242C3F1000338BF5B1EDC
:1002400010BD13B540424FF0000070EB0104B8BF81
:10025000012001F0004100281CBF6FF000414FF069
:10026000FF30AFF300801CBD40EA010310B59B07CF
:100270000FD1042A0DD310C808C9121F9C42F8D010
:1002800020BA19BA884201D9012010BD4FF0FF30C1
:1002900010BD1AB1D30703D0521C07E0002010BDD7
:1002A00010F8013B11F8014B1B1B07D110F8013B63
:1002B00011F8014B1B1B01D1921EF1D1184610BD44
:1002C000032A40F2308010F0030C00F0158011F882
:1002D000013BBCF1020F624498BF11F801CB00F85A
:1002E000013B38BF11F8013BA2F1040298BF00F8AE
:1002F00001CB38BF00F8013B11F0030300F0DA80B6
:10030000083AC0F0088051F8043B083A51F804CB91
:10031000A0E80810F5E7121D5CBF51F8043B40F857
:10032000043BAFF30080D20724BF11F8013B11F862
:1003300001CB48BF11F8012B24BF00F8013B00F8A6
:1003400001CB48BF00F8012B704702F0FF0343EADE
:10035000032242EA024200F002B84FF0000200B568
:10036000134694469646203922BFA0E80C50A0E8D8
:100370000C50B1F12001BFF4F7AF090728BFA0E886
:100380000C5048BF0CC05DF804EB890028BF40F852
:10039000042B08BF704748BF20F8022B11F0804F94
:1003A00018BF00F8012B704770477047704753EA39
:1003B000020C00F069802DE9F04B4FF00006002B95
:1003C0001FBFB3FA83F503FA05F424FA05F65E407D
:1003D00012BF1643B2FA82F502FA05F4C5F1200500
:1003E0001EBF22FA05FC44EA0C04203556EA044CF0
:1003F0004FEA144418BF641C4FF000084FF0000986
:10040000904271EB030C39D3002919BFB1FA81F77F
:1004100001FA07F6B0FA80F700FA07F6C7F12007ED
:100420001EBF20FA07FC46EA0C062037B6FBF4FC98
:10043000A7EB0507103F07F01F0BCBF120062CFAA6
:1004400006F60CFA0BFB44BFB3460026202FA4BFD0
:100450005E464FF0000B5BEA060C08BF4FF0010B45
:1004600019EB0B0948EB0608ABFB027C06FB02CC40
:100470000BFB03CCC01B71EB0C01C1E70B46024622
:1004800041464846BDE8F08B13B5084318BF4FF00E
:10049000FF300146AFF30080BDE81C40704710B547
:1004A00000F03AF8006810BD10B5044600F034F8CA
:1004B000046010BD10B5203AC0F00B80B1E81850B0
:1004C000A0E81850B1E81850A0E81850203ABFF43E
:1004D000F5AF5FEA027C24BFB1E81850A0E81850DD
:1004E00044BF18C918C0BDE810405FEA827C24BF31
:1004F00051F8043B40F8043B08BF7047D20728BFBF
:1005000031F8023B48BF11F8012B28BF20F8023B0D
:1005100048BF00F8012B704700487047400000209A
:1005200000487047400000207546FFF7F9FFAE46CF
:1005300005006946534620F00700854618B020B5EF
:10054000FFF746FEBDE820404FF000064FF00007E1
:100550004FF000084FF0000BAC46ACE8C009ACE827
:10056000C009ACE8C009ACE8C00921F007018D461C
:10057000704710B50446AFF300802046BDE8104038
:10058000FFF711BE01491820ABBEFEE726000200AE
:1005900070470000FEE700002DE9F04182B040F214
:1005A0002C1440F20008C2F20004C4F216380027EE
:1005B0002046002100220023CDE9007804F05EF8F7
:1005C00000250026C4F27A35C4F2482604F134002E
:1005D000002100220023CDE9006504F04FF840F22D
:1005E0007024C2F200042046002100220023CDE93D
:1005F000007804F043F804F13400002100220023C5
:10060000CDE9006504F03AF840F2DC40C2F20000A7
:10061000002100220023CDE9006504F02FF802B08C
:10062000BDE8F08170B588B040F2C004C2F20004A9
:10063000002044F8480FA081C4E90100682075211A
:100640000122234605F02CF82078682860D100208C
:1006500005F036FD10B108B070BD00BF782006F07F
:10066000ABFB782005F076FCC82006F001FB04F017
:1006700085FBAC2004F074FD40F2731004F02EFAF8
:10068000C82004F0C5FC05A802A906F089F80728CF
:1006900038D101A805F0ECFCDDE90506079C09F05E
:1006A00081FE019D0146284609F010FF09F05EFE1B
:1006B0000590304609F076FE0146284609F006FF0F
:1006C00009F054FE0690204609F06CFE01462846CB
:1006D00009F0FCFE09F04AFE079005A804F0D0FCE2
:1006E0000DF1020005F0A4FC02ABBDF802000ECB38
:1006F0004143029102FB00F15843049002A8039188
:1007000004F024FC012006F0F5F908B070BD00BF2C
:1007100004F0CEF970470000042000F0C1B80000DA
:10072000EFF3108072B600BFFEE70000B0B50446DC
:1007300000F0DEF9054640F20000C2F20000007849
:10074000611C18BF044400BF00F0D2F9401BA04256
:10075000FAD3B0BD002908BF70472DE9F04F81B032
:1007600040F2004E41F20042C4F2010EC4F2010216
:1007700090424FF004024FF000046FF01F05AEF5F9
:100780007E774FF00F0808BF0322009219E000BFE8
:100790000246BBF5807F24BF0432AA46136808FADC
:1007A0000AF6B343042606FA0AF633431360C26816
:1007B00002EA0C02C260013431FA04F205F10405C8
:1007C0004ED00122A24012EA010BF4D024F0030221
:1007D000BE5840F60002C4F20102904210D040F62A
:1007E0000042C4F20102904208D041F20002C4F279
:1007F00001029042009A08BF022202E0012200E0BA
:10080000002205F1200A0AF00C0308FA03F906EAAF
:1008100009069A4096426FEA0B0CB9D1DEF8002027
:1008200040F20C4302EA0C02CEF80020DEF804206D
:10083000C4F2010302EA0C02CEF804201A6802EAAC
:100840000C021A60DEF80820A30802EA0C02CEF8B7
:10085000082057F8232022EA090247F8232097E7C7
:1008600001B0BDE8F04F7047042818BF7047B0B51D
:10087000072003F0CFF8044640060BD540F21815C8
:10088000C2F2000505F10C016120082203F076F8A0
:100890000120287007202146BDE8B04003F0BCBC11
:1008A00040F21441C4F201010A68024214BF086018
:1008B0007047FFF7D9BF00002DE9F04F82B00E68F6
:1008C000002E00F0FD8041F20042C4F20102042338
:1008D00040F2004E904208BF03234FF6FF7CC4F263
:1008E000010E009300240123C1F2100C4FF0000A06
:1008F0004FF000094BE000BF41F20002C4F20102D8
:10090000009F904208BF022704F00C030F229A4078
:100910002BEA020207FA03F34FEA9A051A4346F854
:1009200025204E6840F20C45F202DEF8082054BF44
:1009300022EA080242EA0802C4F20105CEF80820C1
:100940002A68B30254BF22EA080242EA08022A6077
:10095000B303DEF8042054BF22EA080242EA080288
:10096000F303CEF80420DEF800204FF0010354BF5B
:1009700022EA080242EA0802CEF800200E680AF1D4
:10098000010A36FA0AF204F1040400F0998003FA2D
:100990000AFB16EA0B08F1D04E68664512DC122EEF
:1009A00056D8DFE806F0350B4D4955555555555588
:1009B0005555555555555545510000BFD1F80C902A
:1009C00046E000BF4FF6FF72C1F2210296420FDCF3
:1009D0000022C1F2110296421AD00022C1F2120284
:1009E000964215D00022C1F22102964210D02FE08B
:1009F0000022C1F2220296420AD00022C1F2310244
:100A0000964205D00022C1F23202964220D100BFA8
:100A10008A684AB1012A14BFC0F814B0C0F810B0F7
:100A20004FF0080914E000BF4FF0040910E000BFC8
:100A3000CA6802F104090BE04FF0000908E000BFAA
:100A4000CA6802F1080903E0CA6802F10C0900BF94
:100A500002462646B8F5807F24BF0432203E176840
:100A60000F25B54027EA050509FA06F63543156056
:100A7000CA79D2067FF582AF41F21803C4F20203AD
:100A80001A68AEF57E7642F001021A601A6802F02A
:100A900001020192019A2AF0030256F802B040F6D0
:100AA0000002C4F20102904208D040F60042C4F2B3
:100AB000010290427FF420AF012725E7002723E7BA
:100AC00002B0BDE8F08F00008068084018BF012028
:100AD00070470000C26802EA0103914341EA034102
:100AE00001617047002A08BF0904016170470000D6
:100AF00041F26060C2F2000000687047002804BF45
:100B00000120704710B5242180F83D10016804468B
:100B10000A6822F001020A6000F010FB0020206445
:100B200084F83D00206384F83E0084F83C0010BD4A
:100B3000002804BF01207047F0B581B0044690F84A
:100B40003D0028B9002084F83C00204600F014FB4A
:100B5000242084F83D002068016821F00101016033
:100B6000016841F400410160016821F40041016025
:100B700000F03EFD636848F2A16CC0F2010C40F643
:100B80000011C0F23D0163453CBF48F28041C0F214
:100B90001E01884202D2012001B0F0BD4DF68361F2
:100BA000C4F21B31A0FB01122168970CD1F804E0BC
:100BB0004FF496762EF03F0545EA92454D60774317
:100BC00048F638160D6AC0F24106A7FB067625F0F6
:100BD0003F07634538BF960C721C3A430A62CA69E4
:100BE00048F2A0664CF6FF77C0F20106B34222EA53
:100BF00007020BD801385B00B0FBF3F001306FF354
:100C00001F30042898BF04201BE000BFA7680138EC
:100C100057B119277B43B0FBF3F001306FF31F305E
:100C200070B100F5804007E003EB4303B0FBF3F045
:100C300001306FF31F3018B100F5004001E000BF34
:100C400001201043C8610868D4E9072320F0C000E0
:100C5000104318430860886848F2FF3204F10C071B
:100C600090438CCF18431043A6698860C86820F071
:100C7000FF0038433043C860086840F00100086056
:100C800000202021206484F83D10206384F83E0079
:100C900001B0F0BD2DE9F04F85B004460020994623
:100CA00016460F460490FFF723FF94F83D102029C5
:100CB00027D10546206800BF816989071CD5FFF749
:100CC00017FF411B20681A29F6D381698907F3D5DC
:100CD00000202021206384F83D1084F83E00206C21
:100CE00004F13C0A40F020002064022000218AF830
:100CF000001005B0BDE8F08FA2461AF83C1F01298C
:100D000004D1022005B0BDE8F08F00BF01228AF8AF
:100D100000200368DDE90F180E9ADB0703D1036892
:100D200043F001030360036823F40063036022209F
:100D300084F83D00402084F83E0000202064626278
:100D40006185608D394620850020CFF6FF70E06216
:100D5000204632464B46CDE9008501F03BFC18B1F8
:100D6000012005B0BDE8F08F208D022826D0012893
:100D70000ED0002838D100200390206841690391EB
:100D8000816903910399016841F40071016037E0C2
:100D90002068016821F480610160EFF3108072B671
:100DA00000200390206841690391816903910399B0
:100DB000016841F40071016062B621E020680168B9
:100DC00041F400610160EFF3108072B600200390DF
:100DD000206841690391816903910399016821F4B5
:100DE0008061016062B60BE02068016841F48061B7
:100DF0000160002103914169039180690390039888
:100E0000208D002800F0CC80042740F20C094BF222
:100E1000895BC0F20107C2F20009C1F2F84B232638
:100E20000EE000BF10690870606A218D01306062B9
:100E3000481E2085618D01396185010400F0B08074
:100E400080B203280CD802282CD001284AD1204691
:100E500041462A4601F05CFE002800F09C807FE7B6
:100E6000204641462A4601F053FE00287FF478AF21
:100E70002068616A00690870606A2268411C208DE0
:100E8000616201382085638D013B638553695B078F
:100E9000D3D580B20328C5D1106820F480601060DB
:100EA000C0E700BF2046394600224346009501F0C6
:100EB000DDFC00287FF454AFEFF3108072B6206899
:100EC000616A026842F40072026000690870606A38
:100ED000218D01306062481E2085608D013860855B
:100EE00062B658E02046394600224346009501F09C
:100EF000BDFC00287FF434AF2068016821F48061D4
:100F00000160EFF3108072B62068616A00690870B2
:100F1000606A218D0130013960622185618D01395E
:100F20006185D9F80010C908A1FB0B12110A7143A1
:100F30000491049901390491049900293CD0216855
:100F40004A69520717D4049A013A0492049A9AB350
:100F50004A6952070FD4049A013A0492049A5AB388
:100F60004A69520707D4049A013A0492049A1AB3C0
:100F70004A695207DDD50A6842F400720A600969BD
:100F80000170606A218D01306062481E2085608D8D
:100F90000138608562B62068616A006943E700BF76
:100FA000202084F83D00002084F83E0000218AF8CB
:100FB000001005B0BDE8F08F00202021206384F8E8
:100FC0003D1084F83E00206C40F02000206462B6A2
:100FD000012000218AF8001005B0BDE8F08F000064
:100FE0002DE9F04383B0994616460F460446FFF7B5
:100FF0007FFD94F83D10202924D10546206800BFCC
:10100000816989071AD5FFF773FD411B20681A29EA
:10101000F6D381698907F3D500202021206384F865
:101020003D1084F83E00216C41F02001216484F8D9
:101030003C00022003B0BDE8F08300BF94F83C10F0
:10104000012903D1022003B0BDE8F083012284F816
:101050003C200368DDE90B180A9ADB0703D103681B
:1010600043F001030360036823F40063036021205D
:1010700084F83D00402084F83E0000202064626235
:101080006185608D394620850020CFF6FF70E062D3
:10109000204632464B46CDE9008501F025FB18B1CC
:1010A000012003B0BDE8F083208D98B92046414669
:1010B0002A4601F07DFB88B3206C0428F0D120681B
:1010C000016841F400710160012003B0BDE8F083C4
:1010D0000004EBD0204641462A4601F061FD00287D
:1010E000EAD1616A2268084610F8013B1361238D3A
:1010F0006062581E2085678D013F678557697F07AD
:10110000E6D50704E4D048781061881C6062981E18
:101110002085618D01396185DAE700BF20680168AB
:1011200041F400710160202084F83D00002084F823
:101130003E0084F83C0003B0BDE8F08310B540F6F3
:101140000044C4F201040068A4F53841884218BF85
:1011500010BD41F21C00C4F20200016821F400112C
:10116000016020464021FFF7F5FA20468021BDE8C6
:101170001040FFF7EFBA000010B586B0016845F2E5
:101180000040C4F2000081424FF00001CDE904119B
:10119000CDE9021102D006B010BD00BF41F2180423
:1011A000C4F20204216800F5384041F008012160D2
:1011B000216801F0080101910199C02102911221D9
:1011C00003910321059102A9FFF776FB606840F4C3
:1011D00000106060606800F400100190019806B093
:1011E00010BD000040F2000041F26061C2F2000058
:1011F000C2F2000100780A681044086070470000DD
:1012000080B542F20000C4F20200016841F0100112
:101210000160032000F0DCF80F2000F005F800F07A
:101220005BF8002080BD0000B0B586B041F21C0123
:10123000C4F202010A68044642F001020A60096829
:1012400001A801F0010101910199694600F0AEF990
:10125000049D002D18BF012500F0CAF94DF68361E9
:10126000A840C4F21B31A0FB01014FF0FF3000EB9E
:10127000914140F20040C2F200004FF0804240F243
:10128000E7330025C0E90021C0E90253056185610B
:1012900000F028FE10B106B0B0BD00BF40F2004023
:1012A000C2F2000000F09EFE0028F4D11C2000F0E5
:1012B00051F80F2C0CD81C202146002200F05CF8BD
:1012C00040F204010020C2F200010C6006B0B0BD83
:1012D000012006B0B0BD000080B582B041F2180018
:1012E000C4F202000168002241F0010101600168BE
:1012F00001F0010101910199416841F08051416083
:1013000040680F2100F08050009000986FF00100BD
:1013100000F032F80420C4F201000168022262F3F6
:101320001A61016002B080BD002848BF704700F01C
:101330001F01012202FA01F11C2202EAD0004EF242
:101340008012CEF200028150BFF34F8FBFF36F8F38
:1013500070470000002848BF704700F01F010122BD
:1013600002FA01F11C2202EAD0004EF20012CEF283
:10137000000281507047000010B54EF60C5CCEF2B2
:10138000000CDCF80030C3F3022E8EF00704042CAE
:1013900028BF0424BEF103034FF0FF3E0EFA04F40D
:1013A00038BF0023A14399400EFA03F39A43114337
:1013B00000F00F0200F160430901043A03F56443B1
:1013C0006244002848BF02F10C03197010BD0000F0
:1013D0004EF60C51CEF200010A684FF6FF031A4098
:1013E00060F30A2242F0806040F0FD7008607047B0
:1013F000002804BF012070472DE9F04381B042F27C
:101400000008C4F202080446D8F800000D4600F0B7
:10141000070081420CD9D8F8000020F007002843CB
:10142000C8F80000D8F8000000F00700A8426CD10E
:10143000206841F204098107C4F2020917D5410767
:1014400005D5D9F8001041F4E061C9F80010010792
:1014500005D5D9F8001041F46051C9F80010D9F849
:101460000010A26821F0F0011143C9F80010C00774
:1014700042D1D8F8000000F0070085420CD2D8F81D
:10148000000020F007002843C8F80000D8F800004A
:1014900000F00700A84238D12068410707D5D9F8E5
:1014A0000010E26821F4E0611143C9F80010000760
:1014B00008D5D9F80000216920F4605040EAC10045
:1014C000C9F80000D9F8002002F00C00082841F209
:1014D0000020C0F27A004DD14AF6C013C2F3834116
:1014E000C0F60003595CD20338D440F60010C0F2B5
:1014F0003D0048433EE000BF606859F8041C0228E4
:1015000008D0012826D1890306D4012001B0BDE806
:10151000F08300BF8901F8D5D9F8001021F003014C
:101520000843C9F80000FFF7E3FA064641F288379E
:10153000D9F80000616800F00C00B0EB810F98D082
:10154000FFF7D6FA801BB842F2D9032001B0BDE8FC
:10155000F08300BF8907D8D5DEE700BFD9F80020A7
:101560004AF67413C2F34042C0F600039A5C484343
:10157000B0FBF2F0D9F800104AF63612C1F30311AD
:10158000C0F60002515C40F20C0220FA01F140F278
:101590000400C2F200000068C2F200021160FFF70E
:1015A00043FE002001B0BDE8F08300000F2202607E
:1015B00041F20402C4F20202136803F00303436021
:1015C000136803F0F0038360136803F4E063C360FF
:1015D00012684FF4E06303EAD202026142F20000B3
:1015E000C4F20200006800F00700086070470000C5
:1015F00040F20C0041F20401C2F20000C4F2020108
:10160000006809684AF64612C1F30221C0F60002DA
:10161000515CC84070470000002804BF012070479B
:101620002DE9F04182B00446007841F20006C0077F
:10163000C4F202060CD0706800F00C00042840F0E0
:1016400081803068800303D56068002800F04681FF
:10165000207880071BD5706810F00C0F09D07068D7
:1016600000F00C00082840F087807068C00300F18B
:1016700083803068800703D52069012840F02E81DF
:101680003068616920F0F80040EAC10030602078DD
:10169000000713D4207840072CD4E569002D00F012
:1016A0001881706800F00C00082840F0A780012D18
:1016B00040F00481012002B0BDE8F081A06900285B
:1016C00000F084800020C4F242200121C0F8801480
:1016D000FFF70EFA054600BF706A800700F1B2807E
:1016E000FFF706FA401B0228F6D9032002B0BDE836
:1016F000F08100BFF0695FEAC00808D4F06940F0EB
:101700008050F061F06900F080500090009847F23E
:101710000007C4F200073868C00549D4386840F4AF
:1017200080703860FFF7E4F9054600BF3868C005EF
:101730003ED4FFF7DDF9401B6428F7D9032002B03F
:10174000BDE8F081706800F00C00082803D17068D3
:10175000C0033FF576AF61683068002900F00C8166
:10176000B1F5A02F00F00081B1F5803F40F01A8163
:1017700040F480301CE100BF2069002840F20000E6
:10178000C4F2422000F0888001210160FFF7B0F927
:10179000054600BF306880073FF572AFFFF7A8F934
:1017A000401B0228F6D9032002B0BDE8F08100BF3B
:1017B000E168306A002900F09D80052900F09280E0
:1017C000012940F0AF8040F00100B1E00020C4F2F8
:1017D00042200021C0F88014FFF78AF9054600BFB7
:1017E000706A80077FF556AFFFF782F9401B022829
:1017F000F6D9032002B0BDE8F08100BF0027C4F293
:10180000422700203866FFF773F9022D05460DD1F7
:101810003068800140F1DE80FFF76AF9401B022842
:101820004FF00300F4D902B0BDE8F08130688001C8
:101830004FD5FFF75DF9401B02284FF00300F5D9A3
:10184000F1E700BF40F20C00C2F20000006844F66D
:10185000D351C1F26201A0FB0101480A019000BF0F
:1018600000BF0198411E002801913FF413AF00BF53
:101870000198411E002801913FF40CAF00BF019870
:10188000411E002801913FF405AF00BF0198411EA1
:1018900000280191E4D1FDE600210160FFF728F95D
:1018A000054600BF306880077FF5F1AEFFF720F9ED
:1018B000401B02284FF00300F4D9B4E77068216A96
:1018C00000F480328A4209D1616A00F470108842C3
:1018D00004D1002002B0BDE8F08100BF012002B0B9
:1018E000BDE8F08140F004003062306A40F0010051
:1018F0001EE000BF20F001003062306A20F00400DA
:101900003062FFF7F5F8054641F28837306A800704
:1019100020D5FFF7EDF8401BB8424FF00300F5D992
:1019200081E700BF20F001003062306A20F004003F
:101930003062FFF7DDF8054641F28837306A8007EC
:1019400008D4FFF7D5F8401BB842F7D9032002B0FE
:10195000BDE8F081B8F1000F3FF59FAEF06920F0CF
:101960008050F06199E600BF40F48020306030681C
:1019700040F480301CE000BF20F4803030603068DC
:1019800020F480203060FFF7B3F80546306880030C
:101990007FF55EAEFFF7ACF8401B64284FF0030004
:1019A000F4D940E720F480303060306820F48020A3
:1019B0003060FFF79DF80546306880033FF548AE7C
:1019C000FFF796F8401B6428F6D9032002B0BDE863
:1019D000F08100BF206AB0F5803F05D17168A26830
:1019E00021F40031114371607168626A21F474114D
:1019F00011430843706001203866FFF779F8044608
:101A0000306880013FF565AFFFF772F8001B0228D0
:101A10004FF00300F4D906E770B528B1416A29B147
:101A200000210161142106E0012070BD4168B1F57B
:101A3000827F02D01C21002242500026866290F84C
:101A4000511029B980F85060054600F039F8284651
:101A5000022180F8511090E82E0002F482720C6886
:101A600003F4044324F040040C601A4405F40063BA
:101A700005691A4405F0020345691A4405F001039B
:101A80008569C4691A4405F400731A4404F03803E4
:101A9000046A1A4404F08003846A1A4304F400536D
:101AA0001A430A60042202EA15424A60CA6922F413
:101AB0000062CA610121466580F85110304670BD50
:101AC00070B586B040F60004C4F20104006804F565
:101AD0002051002688420596CDE90366029601D082
:101AE00006B070BD41F21800C4F20200016802ADF8
:101AF00041F480510160016801F480510191019924
:101B0000016841F0040101600068294600F004000A
:101B100001900198A02002900220039003200590DC
:101B20002046FEF7C9FE4020CDE9020620462946A0
:101B30000496FEF7C1FE06B070BD00002DE9F0432B
:101B400083B01E4615460F460446FEF7D1FF94F8B3
:101B500051108146012909D1002F4FF0010018BF13
:101B6000002D0FD103B0BDE8F08300BF6068B0F571
:101B7000827F0DD104294FF00200F3D1A168002922
:101B8000EAD0EFE7002EEDD094F85000012803D101
:101B9000022003B0BDE8F083012084F8500094F8DF
:101BA0005100002104281CBF052084F85100616504
:101BB000A563E687A6872763E6862068A686216454
:101BC00061640168490603D4016841F04001016085
:101BD0006168731EE268B1FA81F1B3FA83F3DDF84C
:101BE000288049095B09B2F5006F41EA030165D11C
:101BF00031B137F8021BC1602763E08E0138E086FF
:101C0000012518F1010032D102E000BFFEF770FF9C
:101C1000E08E18B9E08F002800F0B8802068816855
:101C200089070CD5E18E51B1012D08D1216B00251A
:101C300031F8022BC2602163E18E0139E1868168AF
:101C4000C907E3D0E18F0029E0D0C068A16B01256E
:101C500021F8020BA163E08F0138E087D6E700BFCF
:101C6000FEF746FFA0EB0900404580F0AF80E08E14
:101C700018B9E08F002800F0898020688168890702
:101C80000CD5E18E51B1012D08D1216B002531F821
:101C9000022BC2602163E18E0139E1868168C907A8
:101CA000DED0E18F0029DBD0C068A16B012521F8CF
:101CB000020BA163E08F0138E087D1E739B13978B1
:101CC0000173206B01302063E08E0138E08601252E
:101CD00018F1010032D101E0FEF70AFFE08E10B9E1
:101CE000E08F002852D02068816889070ED5E18EE8
:101CF00061B1012D0AD1216B002509780173216B97
:101D0000206801312163E18E0139E1868168C907CC
:101D1000E2D0E18F0029DFD0C068A16B01250870F7
:101D2000A06B0130A063E08F0138E087D4E700BFEB
:101D3000FEF7DEFEA0EB0900404547D2E08E08B971
:101D4000E08F18B32068816889070ED5E18E61B1F4
:101D5000012D0AD1216B002509780173216B2068C0
:101D600001312163E18E0139E1868168C907DFD045
:101D7000E18F0029DCD0C068A16B01250870A06B41
:101D80000130A063E08F0138E087D1E720460221CF
:101D900001224346CDF8009002F0C4FD40B9204630
:101DA000802100224346CDF8009002F0BBFDB8B17F
:101DB000606D40F02000606520206065002084F8A0
:101DC0005000012003B0BDE8F08300BF012084F87B
:101DD0005100002084F85000032003B0BDE8F083D8
:101DE000A06838B9002002902068C168029180681C
:101DF00002900298012084F85100002084F85000DD
:101E0000606D002818BF012003B0BDE8F08300001A
:101E1000704700007047000090F83C20012A04BF82
:101E200002207047B0B501F108053CCDD1E900CEE4
:101E300023F47C5322F470521A432EF4F0431A43D5
:101E40002CF4E0431A4324F4C0431A432A43C969DB
:101E500022F48042036811435964002180F83C1049
:101E60000020B0BD90F83C20012A4FF0020236D08D
:101E700010B580F83D200268D2F804E0D2F808C01E
:101E80000C682EF07003234340F2FF74C4F2000488
:101E9000A24253600ADCB2F1804F13D040F20043FB
:101EA000C4F200039A420DD011E000BF42F6004395
:101EB000C4F201039A4205D040F60003C4F20003C5
:101EC0009A4204D149682CF08003194391600121A2
:101ED000002280F83D1080F83C20BDE810401046FC
:101EE00070470000002804BF0120704710B590F82B
:101EF0003D1031B9002180F83C10044600F070F824
:101F00002046022180F83D10016840F2FF740B6802
:101F1000C4F2000442F6004CA142C4F2010C15DCEC
:101F2000B1F1804F1AD040F20042C4F20002914257
:101F300014D0A14218DCB1F1804F1DD040F2004214
:101F4000C4F20002914217D01AE000BF614505D0EB
:101F500040F60002C4F200029142EAD1826823F006
:101F600070031343A142E6DD614505D040F600024F
:101F7000C4F20002914203D1026923F44073134377
:101F8000846923F08002D0F804E0C36822436145ED
:101F90000A60CB62C1F828E002D14269CCF8302057
:101FA00001224A610B69DB0703D00B6923F00103AF
:101FB0000B6180F8462080F83E2080F83F2080F8B2
:101FC000402080F8412080F8422080F8432080F8AB
:101FD000442080F8452080F83D20002010BD0000FE
:101FE0007047000090F83D1001291CBF0120704788
:101FF000022180F83D10006840F2FF72C168C4F20F
:102000000002904241F00101C16009DCB0F1804F53
:1020100012D040F20041C4F2000188420CD012E01C
:1020200042F60041C4F20101884205D040F60001A9
:10203000C4F20001884206D1816801F00701062937
:1020400004BF00207047016841F0010101600020D9
:10205000704700007047000070B504460068C5680E
:102060000669B10716D515F0020113D06FF0020111
:102070000161012121778069800703D02046FFF7A5
:10208000E9FF05E0204600F08FF8204600F026FA30
:1020900000202077700719D515F0040016D02068AD
:1020A0006FF00401016102212177806910F4407F03
:1020B00004D02046FFF7CEFF06E000BF204600F028
:1020C00073F8204600F00AFA00202077300717D571
:1020D00015F0080014D020686FF008010161042198
:1020E0002177C069800703D02046FFF7B3FF05E0E2
:1020F000204600F059F8204600F0F0F90020207743
:10210000F00619D515F0100016D020686FF01001F8
:10211000016108212177C06910F4407F04D0204676
:10212000FFF798FF06E000BF204600F03DF820468C
:1021300000F0D4F900202077F00718BF15F0010057
:1021400002D1300609D412E020686FF0010101616C
:10215000204600F033FA300609D515F0800006D08D
:1021600020686FF0800101612046FFF751FE700684
:1021700009D515F0400006D020686FF040010161DC
:10218000204600F023FAB00658BF70BD15F02000BD
:1021900008D021686FF0200220460A61BDE8704037
:1021A000FFF738BE70BD00007047000090F83C306B
:1021B000012B04BF022070474FEAB202032A00F24B
:1021C000F1802DE9F043DFE802F003A53B7500BF85
:1021D000036842F600461D6A1A6AC4F2010622F03C
:1021E00001021A621A465C6852F818CFB3428E6830
:1021F000D1F800E025F0020545EA06050CD1CE68CD
:10220000D1E9057824F4407425F00C0526F0040685
:102210003C43354344EA08042CF0730747EA0E07B1
:102220005C609F614F6809695F631D629F6947F049
:1022300008079F619F6927F004079F61A6E000BF20
:10224000036842F600461D6A1A6AC4F2010622F4C7
:1022500080721A621A46D3F804C052F81CEFB342D7
:102260008E680C6825F4007545EA06250FD1CE6806
:10227000D1E90598360240F2FF4725F44065BE4398
:1022800035432CF4405748EA090647EA061C2EF06D
:1022900073072743C3F804C0DF614F680969DF6330
:1022A0001D62DF6947F00807DF61DF6927F0040777
:1022B000DF616BE0036842F60047D3F820C01A6A7A
:1022C000C4F2010722F480521A621A465C6852F87E
:1022D0001C5FD1F800E08E68BB4204D14F6924F442
:1022E000804444EA87142CF4005747EA063725F463
:1022F000E64646EA0E265C60DE614E6809691E64A9
:102300001F62DF6947F40067DF61DF6927F48067D8
:10231000DF613AE0036842F600461D6A1A6AC4F2B9
:10232000010622F010021A621A46D3F804C052F8CD
:10233000184FB3428E68D1F800E025F0200545EA39
:1023400006150FD1CE68D1E905986FF0400725F04A
:10235000C00507EA061635432CF4406748EA09062B
:1023600047EA860C24F4E64444EA0E27C3F804C086
:102370009F614F6809699F631D629F6947F4006709
:102380009F619F6927F480679F6109021368194361
:1023900011600021BDE8F043002280F83C2008468F
:1023A000704700BF0121002280F83C20084670479A
:1023B000002804BF0120704710B590F83D1031B9D6
:1023C000002180F83C10044600F070F820460221FD
:1023D00080F83D10016840F2FF740B68C4F20004FD
:1023E00042F6004CA142C4F2010C15DCB1F1804F61
:1023F0001AD040F20042C4F20002914214D0A1422D
:1024000018DCB1F1804F1DD040F20042C4F200024E
:10241000914217D01AE000BF614505D040F6000296
:10242000C4F200029142EAD1826823F070031343A0
:10243000A142E6DD614505D040F60002C4F200028B
:10244000914203D1026923F440731343846923F05A
:102450008002D0F804E0C368224361450A60CB6281
:10246000C1F828E002D14269CCF8302001224A614B
:102470000B69DB0703D00B6923F001030B6180F8C4
:10248000462080F83E2080F83F2080F8402080F8E9
:10249000412080F8422080F8432080F8442080F8D2
:1024A000452080F83D20002010BD0000006842F665
:1024B0000041C4F20101884218BF704781B041F267
:1024C0001800C4F20200016841F400610160006874
:1024D00000F400600090009801B070477047000061
:1024E000C1B1042908D0082914BF41224022825CCE
:1024F000012A05D016E000BF3F22825C012A11D1DB
:102500000222082910D0042914BF80F8412080F845
:102510003F200BE090F83E20012A03D1022280F8F0
:102520003E2003E00120704780F84020006801F061
:102530001F010122036A8A4023EA02010162036A41
:1025400042F64441C4F201011A43A1F14403984206
:1025500002620FD040F2FF71C4F20001884213DC26
:10256000B0F1804F1CD040F20041C4F2000188421B
:1025700016D01CE00A6842F400420A6040F2FF7183
:10258000C4F200018842EBDD42F60041C4F20101D1
:10259000884205D040F60001C4F20001884206D10D
:1025A000816801F00701062904BF00207047016817
:1025B00041F0010101600020704700000068B0F1A7
:1025C000804F18BF7047FEF70DBE00007047000037
:1025D000FEE700002DE9F04782B0044600689A4605
:1025E0000B9D0A9E0368914643F480620260026874
:1025F0000F4642F48071016020464FF00111002225
:102600003346009500F032F950B120680068C005EB
:1026100044BF4FF400702064032002B0BDE8F0878F
:1026200040F202082068C0F2010807F0FE070761C7
:102630002046414632462B4600F0FEF920B10120EB
:1026400002B0BDE8F08700BF0020019020682A4654
:10265000416901918069314601900198204600F05E
:102660009FFAB0B92068BAF1010F09D04FEA1921D9
:102670000161204631462A4600F092FA48B92068A6
:102680005FFA89F10161204631462A4600F088FA56
:1026900060B1206C0428D2D12068016841F4007137
:1026A0000160012002B0BDE8F08700BF2068002271
:1026B0000168334641F48071016020464FF00111FA
:1026C000009500F0D3F800289FD147F0010C27684F
:1026D0002046414632462B46C7F810C002B0BDE83E
:1026E000F04700F0A9B900002DE9F04383B004469B
:1026F00000680F4601680A9D0B9E41F4807199465F
:102700009046016020464FF0011100222B460096B2
:1027100000F0ACF850B120680068C00544BF4FF429
:1027200000702064032003B0BDE8F083206807F048
:10273000FE0101610221C0F2010120462A46334612
:1027400000F07AF920B1012003B0BDE8F08300BFAA
:102750000020029020683246416902918069294632
:1027600002900298204600F01BFA58B1206C042811
:10277000E9D12068016841F400710160012003B0D3
:10278000BDE8F0832068B9F1010F0AD04FEA1821A3
:10279000016120462946324600F002FA0028E5D1C0
:1027A00020685FFA88F10161002003B0BDE8F08382
:1027B00070B50368044653F8140F400711D40E4651
:1027C000481C29D086BB00BF1868400527D4FEF7F7
:1027D0008FF9236853F8140F400737D5186840075E
:1027E000F2D5002070BD00BF18684007F9D4186802
:1027F000400514D418684007F3D4186840050ED477
:1028000018684007EDD41868400508D418684007D8
:102810004FF0000048BF70BD18684005E4D56FF464
:1028200080601860042012E0154603E053F8140F8E
:102830004007D6D418684005F1D4FEF759F9401B7B
:102840002368B042F2D958694007EFD42020002114
:102850002022216384F83D2084F83E10226C10432E
:102860002064012084F83C1070BD00002DE9F04187
:10287000054600681E46144601F47F0201338FB2FC
:1028800042D0DDF81880B2F5803F40F08780406983
:102890003840C01BB0FA80F04009844240F0C88044
:1028A0004EB924E040693840C01BB0FA80F04009BE
:1028B000844240F0BD80FEF71BF9A0EB08012868B8
:1028C000B142EFD941693940C91BB1FA81F14909D7
:1028D0008C42E7D19BE000BF40693840C01BB0FA92
:1028E00080F0400984424FF0000040F0A280FEF7E3
:1028F000FFF8286841693940C91BB1FA81F14909DB
:102900008C42E9D183E000BFB2F5803F24D100BF03
:1029100041693940C91BB1FA81F149098C4240F043
:10292000878041693940C91BB1FA81F149098C425C
:1029300040F07E8041693940C91BB1FA81F14909F3
:102940008C4275D141693940C91BB1FA81F14909FD
:102950008C42DDD06CE000BF81693940C91BB1FAFF
:1029600081F149098C4263D181693940C91BB1FAAF
:1029700081F149098C425BD181693940C91BB1FAA7
:1029800081F149098C4253D181693940C91BB1FA9F
:1029900081F149098C42DFD04AE000BF80693840AC
:1029A000C01BB0FA80F04009844241D146B923E00F
:1029B00080693840C01BB0FA80F04009844237D1AA
:1029C000FEF796F8A0EB08012868B142F0D98169BA
:1029D0003940C91BB1FA81F149098C42E8D116E0AE
:1029E00080693840C01BB0FA80F0400984424FF043
:1029F000000018BFBDE8F081FEF77AF82868816909
:102A00003940C91BB1FA81F149098C42E8D1002053
:102A10002021286385F83D1085F83E00296C41F09F
:102A20002001296485F83C000120BDE8F08100BF49
:102A30000020BDE8F0810000F0B581B004460068D8
:102A40001D4643698FB203EA0701B94202D1002053
:102A500001B0F0BD4169164601323CD0490512D49F
:102A60007EB300BFFEF744F8411B2068B14203D992
:102A700041693940B9422BD141693940B942E6D068
:102A800041694905EED5016841F4007101606FF4B8
:102A900080614161042000212022216384F83D20CF
:102AA00084F83E10226C1043206484F83C1001200E
:102AB00001B0F0BD41693940B942C8D0416949050A
:102AC000E1D4FEF715F8206841693940B942F1D0E8
:102AD0002020E0E741694905D5D441693940B94230
:102AE000B5D041694905CED441693940B942AED02B
:102AF00041694905C7D441693940B942A7D0416904
:102B00004905C0D441693940B942E3D19FE700008B
:102B100070B504460068154650F8143F5A063DD477
:102B20000E4629B926E000BF50F8141F490635D4D7
:102B30000168C90621D4FDF7DBFF411B2068B142C3
:102B4000F2D941694906EFD400202021206384F89E
:102B50003D1084F83E00206C40F0200018E000BFDB
:102B6000FDF7C6FF206850F8141F4906ECD5016830
:102B7000490613D40168C906F2D56FF0100101604F
:102B800000202021206384F83D1084F83E00206C52
:102B90002064002084F83C00012070BD002070BD3E
:102BA00070B50368044653F8140F000611D40E469E
:102BB000481C29D086BB00BF1868400527D4FDF704
:102BC00097FF236853F8140F000637D518680006DE
:102BD000F2D5002070BD00BF18680006F9D418684F
:102BE000400514D418680006F3D4186840050ED4C4
:102BF00018680006EDD41868400508D41868000667
:102C00004FF0000048BF70BD18684005E4D56FF470
:102C100080601860042012E0154603E053F8140F9A
:102C20000006D6D418684005F1D4FDF761FF401BBB
:102C30002368B042F2D958690006EFD42020002161
:102C40002022216384F83D2084F83E10226C10433A
:102C50002064012084F83C1070BD00002DE9F04391
:102C600085B00C46450005200121CDE9011040F258
:102C70000C30984617460DF11309C2F200002946A0
:102C800022460123CDF80090FEF704F840F24A46B0
:102C9000C2F2000630B130880130308002F024FDED
:102CA00002E000BF002030809DF81300012101FAEE
:102CB00007F242EA0003B8F1000F08BF20EA02035E
:102CC00040F20C308DF813300527CDE90091C2F2A7
:102CD00000002946224601230297FEF781F948B1F8
:102CE000318804460131318002F0FEFC204605B0F7
:102CF000BDE8F0830021318005B0BDE8F08300001D
:102D00002DE9F04F85B00C46450040F20C301E46D0
:102D100017464FF005084FF001090DF1130BC2F2F1
:102D20000000294622460123CDE900B9CDF80880EC
:102D3000FDF7B0FF40B140F24A41C2F200010A88FB
:102D400001320A802AE000BF40F24A4AC2F2000A79
:102D50000021AAF800104FF0FF31B140BA1B0E98C5
:102D6000C94301329DF813309140904023EA01019C
:102D700008438DF8130040F20C30C2F200002946DF
:102D800022460123CDE900B9CDF80880FEF728F9E5
:102D900060B1BAF800100131AAF80010044602F040
:102DA000A3FC204605B0BDE8F08F00BF0020AAF8C4
:102DB000000005B0BDE8F08F70B582B00120009032
:102DC00068206B21022203230324FFF799FF682068
:102DD0001B21042202230094FFF792FF00256820A4
:102DE0001C21042202230095FFF78AFF68206B2133
:102DF00006220023FFF732FF68206A210522002304
:102E0000FFF72CFF6820372101220023FFF726FF60
:102E100040F2C006C2F20006344644F8485F68201B
:102E2000752101222346C6E91355A6F8545002F035
:102E300037FC20786838B0FA80F04009307030787C
:102E400002B070BD2DE9F04F8DB00DF111070DF1FD
:102E500012060DF11A0005A909AA08ABCDE9006711
:102E600001F098FFBDF81200C00503D400200DB09A
:102E7000BDE8F08F09AE61CE0C9C07F093FA4FF0DD
:102E8000425107F023FB0746284607F08BFA4FF024
:102E9000425107F01BFB8146304607F083FA4FF0A2
:102EA000425107F013FB0646204607F07BFA4FF02D
:102EB000425107F00BFB834648464FF0404107F074
:102EC00005FB824638463946039707F0C1F831467C
:102ED000044607F0FBFA05465046594607F0F6FA55
:102EE000294607F0B5F807F087F805F0E5FF4AF244
:102EF0006663C4F24C034FF0C04206F09FFD06F03B
:102F000017FB40F2C001C2F2000188613046314631
:102F100007F09EF880462046494607F0D7FA044657
:102F20004046594607F0D2FA214607F091F807F0DB
:102F300063F804460D464046314607F0C7FA074697
:102F40005046494607F0C2FA394607F08BFB4FF06E
:102F50007E5107F07DF807F04FF802460B462046F9
:102F6000294606F0F1F94AF26668C4F24C084FF0BF
:102F7000C042434606F062FD06F0DAFA40F2C007AE
:102F8000039DC2F20007F8612846594607F09EFAF1
:102F900004464846314607F099FA214607F058F8AA
:102FA000014607F055F807F027F804468A464846D8
:102FB0004946B94607F08AFA07462846294607F0E7
:102FC00085FA394607F044F807463046314607F09F
:102FD0007DFA0146384607F045FB064658465946F5
:102FE00007F074FA0146304607F03CFB07F004F89E
:102FF00002460B462046514606F0A6F94FF0C04265
:10300000434606F01BFD06F093FAD9E904518046C9
:1030100007F028FB0021C4F23431064607F088F897
:1030200000210746CCF2B431304607F011F80446CF
:103030000021002F08BF3446CCF23431204607F07F
:103040008CF800210746C4F2B431204607F000F89E
:1030500006464CF6CD41002F08BF264626F000401C
:10306000C3F64C6107F072F830BB3046294606F0D3
:10307000EFFF0021C4F23431044607F059F8002173
:103080000646CCF2B431204606F0E2FF05460021A8
:10309000002E08BF2546CCF234312846C9F810501E
:1030A00007F04DF840B90021C4F2B431284606F0CB
:1030B000CFFF0546C9F81000BDF91400BDF9166030
:1030C000BDF91840C9F81480C9F8205007F06AF912
:1030D0004FF0625107F0FAF94EF60A05C4F21C15DA
:1030E000294607F0F3F9C9F82400304607F05AF9E9
:1030F0004FF0625107F0EAF9294607F0E7F9C9F8FD
:103100002800204607F04EF94FF0625107F0DEF933
:10311000294607F0DBF9C9F82C00BDF91A00BDF902
:103120001C40BDF91E5007F03DF943F23336C4F29E
:103130008316314607F024F8C9F83000204607F01E
:1031400031F9314607F01CF8C9F83400284607F079
:1031500029F9314607F014F8C9F8380001200DB0FC
:10316000BDE8F08F10B544F675204AF6E812C0F6B7
:103170000000C0F60002002103F012FF40F2A0049C
:10318000C2F20004206044F255404AF67812C0F6BC
:103190000000C0F60002002103F002FF606044F26C
:1031A0008D204AF65012C0F60000C0F60002002141
:1031B00003F0F6FEA06044F27D404AF69C12C0F691
:1031C0000000C0F60002002103F0EAFEE06010BD3E
:1031D0002DE9F04385B04FF0000841F21800CDE929
:1031E0000388CDE90188C4F20200016840F60004BA
:1031F00041F0100101600168C4F2010401F0100106
:1032000000910099016804F5006541F0200101601A
:103210000168002201F020010091009901684FF43B
:10322000005641F004010160016801F004010091C1
:103230000099016841F00801016000684FF40051F5
:1032400000F00800009000982846FDF74BFC20464F
:1032500008210022FDF746FC20461021012201270B
:10326000FDF740FC01A880E8C00101AE4FF0020963
:1032700028463146CDF81090FDF71EFB0420019042
:103280000020C1F22100CDE9020720463146FDF7BA
:1032900013FB182001A981E8810320463146FDF780
:1032A0000BFB082005210022FEF766F80820FEF738
:1032B00051F805B0BDE8F08380B540F20C3045F21E
:1032C0000041C2F20000C4F2000141F68022002356
:1032D0004FF4804CC0F2060280E80E00C0E9033CC7
:1032E000C0E90533C0E90733FDF722FC002808BF19
:1032F00080BDBDE88040FDF713BA000080B540F204
:10330000603043F20001C2F20000C4F201014FF448
:103310008272002380E80E0000F114014FF4007C5B
:103320004FF0180E81E808500A21C0E90333C0E9C4
:103330000833C0E90A31FEF76FFB002808BF80BDE3
:10334000BDE88040FDF7ECB970B598B042F6004595
:1033500040F2B830C4F201050021C2F20000472259
:1033600040F6C31380261191CDE90F11CDE90D115F
:10337000CDE90B11CDE90911CDE90711CDE9051111
:10338000CDE90311CDE90111C0E90052C0E90213F2
:10339000C0E904118661FFF70BF8002818BFFDF79C
:1033A000BFF940F2B830C2F2000010A9FEF75AFD92
:1033B000002818BFFDF7B4F9602009900020CDE97E
:1033C0000A00CDE90C00CDE90E0040F2B830C2F29F
:1033D000000009A90022FEF7E9FE002818BFFDF74A
:1033E0009FF940F2B830C2F2000009A90422FEF7AA
:1033F000DDFE002818BFFDF793F940F2B830C2F2A5
:10340000000009A90822FEF7D1FE002818BFFDF729
:1034100087F940F2B830C2F2000009A90C22FEF789
:10342000C5FE002818BFFDF77BF940F2B8344FF411
:103430000050C2F200040026069001A9204605961D
:10344000CDE90366CDE901660896FEF7E5FC0028A4
:1034500018BFFDF765F92068CDE91666A8421596F4
:10346000149601D018B070BD41F21800C4F20200E9
:10347000016841F004010160006814A900F0040033
:10348000139013984FF470601490022015901790C9
:10349000A5F51050FDF710FA18B070BDFEE700005A
:1034A00010B540F2B834C2F2000420460021FFF704
:1034B00017F820460421FFF713F820460821FFF7EC
:1034C0000FF820460C21BDE81040FFF709B80000B6
:1034D000F0B581B01F4616460D4606F047FF04467C
:1034E000284606F043FF0546304606F03FFF0646F5
:1034F000384606F03BFFB4F57A7F4FF47A71D8BFB7
:103500000C46B4F5FA6F4FF4FA62A8BF1446B5F54D
:103510007A7FD8BF0D46B5F5FA6FA8BF1546B6F548
:103520007A7FD8BF0E46B6F5FA6FA8BF1646B0F53B
:103530007A7FC8BF014640F2B830C2F2000000688E
:10354000B1F5FA6FA8BF114644638563C663016491
:1035500001B0F0BDF0B585B040F60004C4F201043E
:10356000204610210122FDF7BDFA20460821002245
:103570000026FDF7B7FA204610210022FDF7B2FA27
:1035800040F260355020C2F200058DF808000A278D
:1035900002A90DF11302284601238DF8136000974C
:1035A000FEF7CCFA73208DF8080002A90DF1130282
:1035B000284601238DF813600097FEF7BFFA2046D6
:1035C00010210122FDF78EFA00F03EF8204610216E
:1035D0000022FDF787FAE2208DF8080002A90DF11C
:1035E0001302284601238DF813600097FEF7A6FA10
:1035F000204610210122FDF775FA204610210022F5
:10360000FDF770FAE1208DF8080002A90DF1130210
:10361000284601238DF813600097FEF78FFA2046A5
:1036200010210122FDF75EFA46F25560C8F67700D8
:10363000039042F2BB20C4F23340029002A800F093
:10364000E3FC05B0F0BD00002DE9F04383B040F687
:103650000004C4F201042046082100224FF00809AA
:103660000027FDF73FFA0A200A2600F065FD2046F4
:1036700010210022FDF736FA40F260352120C2F217
:1036800000058DF80B000DF10B010DF10A02284623
:1036900001238DF80A7000964FF00108FEF74EFAEC
:1036A0000DF10B010DF10A02284601238DF80B8064
:1036B0008DF80A700096FEF741FA2046102101228B
:1036C000FDF710FA204610210022FDF70BFA222008
:1036D0008DF80B000DF10B010DF10A0228460123B4
:1036E0008DF80A700096FEF729FA0DF10B010DF125
:1036F0000A02284601238DF80B808DF80A70009687
:10370000FEF71CFA204610210122FDF7EBF92046B6
:1037100010210022FDF7E6F923208DF80B000DF1B2
:103720000B010DF10A02284601238DF80A7000965C
:10373000FEF704FA03208DF80B000DF10B010DF1DB
:103740000A02284601238DF80A700096FEF7F6F962
:10375000204610210122FDF7C5F920461021002244
:10376000FDF7C0F925208DF80B000DF10B010DF1CF
:103770000A02284601238DF80A700096FEF7DEF94A
:1037800028208DF80B000DF10B010DF10A022846DF
:1037900001238DF80A700096FEF7D0F9204610211B
:1037A0000122FDF79FF9204610210022FDF79AF92A
:1037B00031208DF80B000DF10B010DF10A022846A6
:1037C00001238DF80A700096FEF7B8F90DF10B0190
:1037D0000DF10A02284601238DF80B908DF80A702E
:1037E0000096FEF7ABF9204610210122FDF77AF989
:1037F000204610210022FDF775F93C208DF80B00C2
:103800000DF10B010DF10A02284601238DF80A7013
:103810000096FEF793F90DF10B010DF10A0228460F
:1038200001238DF80B808DF80A700096FEF786F95B
:10383000204610210122FDF755F9204610210022D3
:10384000FDF750F93D208DF80B000DF10B010DF146
:103850000A02284601238DF80A700096FEF76EF9D9
:1038600006208DF80B000DF10B010DF10A02284620
:1038700001238DF80A700096FEF760F920461021AA
:103880000122FDF72FF9204610210022FDF72AF929
:1038900026208DF80B000DF10B010DF10A022846D0
:1038A00001238DF80A700096FEF748F907208DF87D
:1038B0000B000DF10B010DF10A02284601238DF8D2
:1038C0000A700096FEF73AF9204610210122FDF712
:1038D00009F9204610210022FDF704F920208DF877
:1038E0000B000DF10B010DF10A02284601238DF8A2
:1038F0000A700096FEF722F90F208DF80B000DF1EB
:103900000B010DF10A02284601238DF80A7000967A
:10391000FEF714F9204610210122FDF7E3F82046B6
:1039200010210022FDF7DEF827208DF80B000DF1A5
:103930000B010DF10A02284601238DF80A7000964A
:10394000FEF7FCF8FF208DF80B000DF10B010DF1D7
:103950000A02284601238DF80A700096FEF7EEF859
:10396000204610210122FDF7BDF820460821012242
:10397000FDF7B8F803B0BDE8F08300002DE9F04F83
:1039800083B0044640F6000015460E46C4F201001E
:10399000102100224FF00009FDF7A4F840F260303A
:1039A0004FF00A0AC2F200000DF1090102AA012338
:1039B0008DF809408DF80890CDF800A0FEF7BEF80C
:1039C000E5B140F2603B013E4FF0FF08C2F2000B50
:1039D0000DF10B070DF10A04584639462246012322
:1039E0008DF80B808DF80A90CDF800A0FEF7A6F8B0
:1039F0009DF80A00013D06F8010FEDD140F60000E8
:103A0000C4F2010010210122FDF76CF803B0BDE8FB
:103A1000F08F0000F0B583B040F60004C4F201045A
:103A200005462046102100220026FDF75BF88DF8A0
:103A3000095040F26035C2F200050A270DF1090174
:103A400002AA284601238DF808600097FEF776F851
:103A5000FF208DF80B000DF10B010DF10A02284635
:103A600001238DF80A600097FEF768F89DF80A5068
:103A7000204610210122FDF735F8284603B0F0BD9D
:103A80002DE9F04784B0804640F600040820C4F2D7
:103A90000104FDF749FC2046082100224FF00009EF
:103AA000FDF720F8102000F047FB0A204FF00A0A2B
:103AB00000F042FB204610210022FDF713F840F2EF
:103AC00060362120C2F200068DF8080002A90DF12F
:103AD0000F02304601238DF80F90CDF800A001258C
:103AE000FEF72CF802A90DF10F02304601238DF8E4
:103AF00008508DF80F90CDF800A0FEF71FF8204673
:103B000010210122FCF7EEFF204610210022FCF7D5
:103B1000E9FF22208DF8080002A90DF10F023046BE
:103B200001238DF80F90CDF800A0FEF707F802A949
:103B30000DF10F02304601238DF808508DF80F90DB
:103B4000CDF800A0FDF7FAFF204610210122FCF776
:103B5000C9FF204610210022FCF7C4FF23208DF866
:103B6000080002A90DF10F02304601238DF80F90D5
:103B7000CDF800A0FDF7E2FF03208DF8080002A9B0
:103B80000DF10F02304601238DF80F90CDF800A003
:103B9000FDF7D4FF204610210122FCF7A3FF2046A9
:103BA00010210022FCF79EFF24208DF8080002A9B6
:103BB0000DF10F02304601238DF80F90CDF800A0D3
:103BC000FDF7BCFF02A90DF10F02304601238DF86D
:103BD00008A08DF80F90CDF800A0FDF7AFFF2046AC
:103BE00010210122FCF77EFF204610210022FCF765
:103BF00079FF25208DF8080002A90DF10F0230464B
:103C000001238DF80F90CDF800A0FDF797FF282035
:103C10008DF8080002A90DF10F02304601238DF83E
:103C20000F90CDF800A0FDF789FF2046102101225A
:103C3000FCF758FF204610210022FCF753FF2620F6
:103C40008DF8080002A90DF10F02304601238DF80E
:103C50000F90CDF800A0FDF771FF07208DF8080048
:103C600002A90DF10F02304601238DF80F90CDF817
:103C700000A0FDF763FF204610210122FCF732FF70
:103C8000204610210022FCF72DFF20208DF808008F
:103C900002A90DF10F02304601238DF80F90CDF8E7
:103CA00000A0FDF74BFF0E208DF8080002A90DF1D2
:103CB0000F02304601238DF80F90CDF800A0FDF7DC
:103CC0003DFF204610210122FCF70CFF2046102169
:103CD0000022FCF707FF27208DF8080002A90DF14C
:103CE0000F02304601238DF80F90CDF800A0FDF7AC
:103CF00025FFFF208DF8080002A90DF10F023046C4
:103D000001238DF80F90CDF800A0FDF717FF204696
:103D100010210122FCF7E6FE204610210022FCF7CC
:103D2000E1FEA0208DF8080002A90DF10F02304637
:103D300001238DF80F90CDF800A0FDF7FFFE98F855
:103D4000000002AF0DF10F058DF80800304639462E
:103D50002A4601238DF80F90CDF800A0FDF7EEFE66
:103D600098F8010039468DF8080030462A460123AC
:103D70008DF80F90CDF800A0FDF7E0FE98F8020056
:103D800039468DF8080030462A4601238DF80F90F9
:103D9000CDF800A0FDF7D2FE98F8030039468DF863
:103DA000080030462A4601238DF80F90CDF800A078
:103DB000FDF7C4FE98F8040039468DF80800304637
:103DC0002A4601238DF80F90CDF800A0FDF7B6FE2E
:103DD00098F8050039468DF8080030462A46012338
:103DE0008DF80F90CDF800A0FDF7A8FE98F806001A
:103DF00039468DF8080030462A4601238DF80F9089
:103E0000CDF800A0FDF79AFE98F8070039468DF826
:103E1000080030462A4601238DF80F90CDF800A007
:103E2000FDF78CFE204610210122FCF75BFE2046A8
:103E300008210122FCF756FECDF808900298B0F553
:103E4000967F1BDA0298013002900298B0F5967FB7
:103E500014DA0298013002900298B0F5967F0DDADC
:103E60000298013002900298B0F5967F06DA029827
:103E7000013002900298B0F5967FE3DB20460821DE
:103E80000022FCF72FFEFCF733FE054620460421F6
:103E9000FCF71AFE012804D1FCF72AFE401B652816
:103EA000F4D32046102100224FF00009FCF71AFE3F
:103EB00040F260360720C2F200068DF808004FF08D
:103EC0000A0802A90DF10F02304601238DF80F9068
:103ED000CDF80080FDF732FEFF2502A90DF10F029B
:103EE000304601238DF808508DF80F90CDF80080F2
:103EF000FDF724FE9DF80F70204610210122FCF7EB
:103F0000F1FD204610210022FCF7ECFD27208DF862
:103F1000080002A90DF10F02304601238DF80F9021
:103F2000CDF80080FDF70AFE02A90DF10F02304620
:103F300001238DF808708DF80F90CDF80080FDF703
:103F4000FDFD204610210122FCF7CCFDF8061BD513
:103F50002046102100221025FCF7C4FDE1208DF839
:103F6000080040F26030C2F2000002A90DF10F0219
:103F700001238DF80F90CDF80080FDF7DFFD20467E
:103F800010210122FCF7AEFDFFF75EFB2046102159
:103F90000022FCF7A7FD40F26036E220C2F20006E4
:103FA0008DF8080002A90DF10F02304601238DF8AB
:103FB0000F90CDF80080FDF7C1FD204610210122B1
:103FC000FCF790FD204610210022FCF78BFDE1203C
:103FD0008DF8080002A90DF10F02304601238DF87B
:103FE0000F90CDF80080FDF7A9FD20461021012299
:103FF000FCF778FD0820FDF7ADF9B80648BF20258D
:10400000284604B0BDE8F0872DE9F04782B040F6BD
:104010000008C4F2010805464046102100224FF076
:104020000009FCF75FFD40F26036A820C2F20006EE
:104030008DF805004FF00A0A0DF1050101AA30467E
:1040400001238DF80490CDF800A0FDF777FD2878C6
:104050000DF107070DF106048DF8070030463946CB
:10406000224601238DF80690CDF800A0FDF766FDED
:10407000687839468DF807003046224601238DF8CE
:104080000690CDF800A0FDF759FDA87839468DF8C7
:1040900007003046224601238DF80690CDF800A097
:1040A000FDF74CFDE87839468DF80700304622468A
:1040B00001238DF80690CDF800A0FDF73FFD28798B
:1040C00039468DF807003046224601238DF80690C8
:1040D000CDF800A0FDF732FD687939468DF807006C
:1040E0003046224601238DF80690CDF800A0FDF75A
:1040F00025FDA87939468DF8070030462246012370
:104100008DF80690CDF800A0FDF718FDE879394646
:104110008DF807003046224601238DF80690CDF831
:1041200000A0FDF70BFD404610210122FCF7DAFC50
:1041300002B0BDE8F08700002DE9F04383B040F6FF
:104140000008C4F201080546404610210022002460
:10415000FCF7C8FC45F0200040F26035C2F20005D3
:104160008DF809004FF00A090DF1090102AA28464D
:1041700001238DF80840CDF80090FDF7DFFCAA2060
:104180000DF10B060DF10A078DF80B00284631469C
:104190003A4601238DF80A40CDF80090FDF7CEFC99
:1041A000BB208DF80B00284631463A4601238DF896
:1041B0000A40CDF80090FDF7C1FCCC208DF80B0033
:1041C000284631463A4601238DF80A40CDF8009042
:1041D000FDF7B4FCDD208DF80B00284631463A4649
:1041E00001238DF80A40CDF80090FDF7A7FCEE20E2
:1041F0008DF80B00284631463A4601238DF80A40D7
:10420000CDF80090FDF79AFC404610210122FCF702
:1042100069FC03B0BDE8F0832DE9F04182B040F6BF
:104220000008C4F201080D4606464046102100224F
:104230000027FCF757FC46F0200040F26036C2F23F
:1042400000068DF805000A240DF1050101AA30468B
:1042500001238DF804700094FDF770FC0DF1070147
:104260000DF10602304601238DF807508DF80670D7
:104270000094FDF763FC404610210122FCF732FC5C
:1042800002B0BDE8F0810000FEE7000084B040F21B
:104290002C10C2F2000040F27021C2F20001343052
:1042A000029001F13400019040F21A10C2F20000B5
:1042B000B0F9000006F076F840F21C11C2F20001DD
:1042C000B1F900100446084606F06CF840F21E11E1
:1042D000C2F20001B1F900100546084606F062F886
:1042E00040F20801C2F20001B1F9001082460391C8
:1042F00040F2DC01C2F200010A6840F2D801C2F2C9
:1043000000010E6840F2F001C2F200010F6840F2B5
:10431000F401C2F20001D1F8009040F2F801C2F2BB
:10432000000140F22C10D1F800B0C2F2000021468A
:1043300000F044F9044640F27020C2F20000294621
:10434000324600F03BF90546029821463A4600F015
:1043500035F98046019829464A4600F02FF904466F
:1043600040F2DC40C2F2000051465A4600F026F905
:104370000646039806F016F84146074606F072F91D
:104380002146814605F064FE314605F061FE05F0E8
:10439000EDFF05464046394605F05AFE2146834664
:1043A00005F056FE314606F05DF905F0DFFF804668
:1043B0004846214606F056F9314606F053F905F015
:1043C000D5FF81465846214606F04CF9314605F0A6
:1043D0003FFE05F0CBFFB5F57A7F04464FF47A70C7
:1043E000D8BF0546B5F5FA6F4FF4FA61A8BF0D4680
:1043F000B8F57A7FD8BF8046B8F5FA6FA8BF88466F
:10440000B9F57A7FD8BF8146B9F5FA6FA8BF89465A
:10441000B4F57A7FD8BF04462846B4F5FA6FA8BF32
:104420000C4605F0D7FF0546404605F0D3FF06468B
:10443000484605F0CFFF0746204605F0CBFF034670
:10444000284631463A46FFF743F8012002F066FD60
:104450002AE7000040F24844C2F200040125002689
:1044600003E000BF012002F059FD20780028F9D1B7
:104470002570FEF7E7FC2670F4E7000082B040F2FA
:10448000181440F2DC0540F2D80640F2E009C2F20E
:1044900000040027C2F20005C2F20006C2F20009C1
:1044A000EA4602E0012002F039FDA06800F10108AF
:1044B000C4F80880207801284BD12770207BAA28D7
:1044C00047D1A17B607BCB4694F90F90090241EA6A
:1044D00000405FFA89F1277C084400F041F9384632
:1044E00005F078FF4FF6DB11C4F27A0105F0EEFF1C
:1044F00005F03CFF40F2080100F57A70C2F20001BD
:10450000088009F0010080F001015FEA897258BF5C
:104510004142C9F380004FEA097200EBE27009F0F2
:104520001102112A4FF00F0208BF1E2250435143BF
:104530006080B9F1FF3F4FF03200A180C8BF00207A
:104540005FEA4961D9464FF0000748BF6FF031007C
:10455000E080B8F1320FA5D32868BB21A7608DF8A1
:10456000001005F003FF31688DF80100084605F0E2
:10457000FDFED9F800108DF80200084605F0F6FEA1
:1045800040F20801C2F2000109888DF80300080A10
:104590008DF8050050468DF80410ADF80670FFF751
:1045A0006FFA20287FF47EAF41F20000C4F20100D0
:1045B0004FF40051FCF78EFA74E700002DE9F04F3C
:1045C00081B0D0F81C900446C4E90512C0F82090D0
:1045D0000846114606F046F80646E061A068D4E9B0
:1045E000001B0090D4F80C80304605F06FFF824627
:1045F000A76A60625846314605F068FF394605F003
:1046000027FD88F000452946074605F091FD8346C1
:104610003846414605F093FD002818BF474630460E
:104620004946BBF1000F08BF2F46A76206F01AF8F3
:10463000009905F04BFF0546E0625046394605F00B
:1046400007FD0146284605F003FD2569064685F06D
:104650000047394605F06CFD80463046294605F096
:104660006EFD002818BF2E46B8F1000F08BF3E4669
:104670003046266301B0BDE8F08F000080B5DDE96B
:1046800002EC80E80E40C0F810C080BD00000000C1
:10469000EFF30980BFF36F8F0D4B1A6820E9F00F1D
:1046A00010602DE908404FF0500080F3118803F0AE
:1046B000DDFC4FF0000080F31188BDE80840196868
:1046C0000868B0E8F00F80F30988BFF36F8F704778
:1046D0009401002040F24C40C2F20000012200216F
:1046E000C0E900210222C0E903210422C0E9062119
:1046F0000822C0E909211022C0E90C212022C0E9CA
:104700000F214022C0E912218022C0E915214FF477
:104710008072C0E918214FF40072C0E91B214FF4E8
:104720008062C0E91E214FF400620172017580F8B9
:10473000201080F82C1080F8381080F8441080F891
:10474000501080F85C1080F8681080F8741080F8C1
:104750008010C0E9212180F88C10FEF7FBBE00001C
:1047600040F24C41C2F200010A68024200F084802B
:104770004A68B2FA82F35B0901320B724A60CA6876
:10478000024200F080800A69B2FA82F35B090132CA
:104790000B750A618A6902427CD0CA69B2FA82F357
:1047A0005B09013281F82030CA614A6A024279D03D
:1047B0008A6AB2FA82F35B09013281F82C308A628C
:1047C0000A6B024275D04A6BB2FA82F35B0901327E
:1047D00081F838304A63CA6B024271D00A6CB2FA6F
:1047E00082F35B09013281F844300A648A6C024228
:1047F0006DD0CA6CB2FA82F35B09013281F8503095
:10480000CA644A6D024269D08A6DB2FA82F35B09CA
:10481000013281F85C308A650A6E024265D04A6EC8
:10482000B2FA82F35B09013281F868304A66CA6ED7
:10483000024261D00A6FB2FA82F35B09013281F859
:1048400074300A678A6F02425DD0CA6FB2FA82F38F
:104850005B09013281F88030CA67D1F884200242B6
:1048600059D0D1F88800B0FA80F25209013081F8AD
:104870008C20C1F88800704700224A600A72CA681A
:1048800002427FF480AF00220A610A758A690242FF
:104890007FF483AF0022CA6181F820204A6A024275
:1048A0007FF486AF00228A6281F82C200A6B0242D4
:1048B00089D100224A6381F83820CA6B02428DD127
:1048C00000220A6481F844208A6C024291D10022BD
:1048D000CA6481F850204A6D024295D100228A654F
:1048E00081F85C200A6E024299D100224A6681F862
:1048F0006820CA6E02429DD100220A6781F87420A6
:104900008A6F0242A1D10022CA6781F88020D1F8C3
:1049100084200242A5D10020C1F8880081F88C00D3
:10492000704700002DE9F04381B0089C9846154679
:104930000E468146FCF7DCF8201A00EB0804FCF771
:10494000D7F840F20C01C2F200010968C1F3CB3183
:1049500061430091D9F800108A683240921BB2FA84
:1049600082F2520995423DD0074618F1010031D03C
:10497000FCF7BEF8C01BA04238D20098009900286E
:10498000A1F101010091D9F80010896808BF04461F
:1049900001EA0600801BB0FA80F040098542E7D1A9
:1049A00020E000BF88683040801BB0FA80F04009EA
:1049B000854217D088683040801BB0FA80F04009EB
:1049C00085420FD088683040801BB0FA80F04009E3
:1049D000854207D088683040801BB0FA80F04009DB
:1049E0008542DFD1002001B0BDE8F083D9E90001A4
:1049F0004268B1F5827F22F0E00242600BD1D9F823
:104A00000810B1F5004F02D0B1F5806F03D10168F5
:104A100021F040010160D9F82810B1F5005F07D1FD
:104A2000016821F400510160016841F40051016006
:104A3000012089F85100002089F85000032001B0BE
:104A4000BDE8F0830000000000000000000000004E
:104A5000074B19680868B0E8F00F80F30988BFF3C6
:104A60006F8F4FF0000080F311884EF00D0E7047ED
:104A700094010020012002F051FAFBE780B54EF2CC
:104A80001000CEF20000006803F0AEFF012808BF5E
:104A900080BDBDE8804003F0E7BB00007047000028
:104AA00040F20040C2F20000FDF7D6BAFEE7000077
:104AB0004EF60C50BFF34F8FCEF200000168042277
:104AC00001F4E061C0F2FA5211430160BFF34F8F6D
:104AD00000BF00BF00BF00BFFAE70000F0B587B01D
:104AE00004464CF60220C0F6E3100DF10605CDF8A1
:104AF0000600682004212A4602F0D0F914F0400193
:104B00004FF0A3006FF03F018DF8060008BF6FF073
:104B10005C016FF037026FF03D0308BF6FF05C027D
:104B200008BF6FF05C038DF8071014F4C0716FF0CC
:104B30003B018DF808208DF8093008BF6FF05C014B
:104B40006FF033026FF0390308BF6FF05C0208BFEB
:104B50006FF05C038DF80A104AF2A3318DF80B2038
:104B6000ADF80D108DF80F0040F6A7200A212A4657
:104B70008DF80C3002F092F92020A60708BF6FF0E4
:104B800027008DF8060040F6B62001212A4602F0E3
:104B900085F9A0060CD4C720069048F6B000CCF2E8
:104BA000C35005904AF6B820CAF6AA200BE000BF11
:104BB0005D20069049F6B400C3F20D5005904AF608
:104BC000B820C8F6B350049004AA4FF497600921A6
:104BD00002F064F914F4C07F25D06FF04D016FF03E
:104BE000740214F4807008BF6FF04F0108BF6FF0BB
:104BF0007F026FF049036FF0640508BF6FF04B034D
:104C0000002808BF6FF06F058DF806108DF807209B
:104C10000DF1060240F6A22004218DF808308DF82F
:104C2000095002F03BF9E00708D1D8208DF80600C2
:104C30000DF106024FF40B60012150E0F8208DF8D1
:104C400006000DF106024FF40B60012102F026F977
:104C50000720FA2100F0F8FA3F208DF8100004AA8E
:104C60004FF4A470012102F019F900208DF8100012
:104C700004AA40F24F10012102F010F94FF4A050A5
:104C8000ADF8100004AA4FF4EF70022102F006F90B
:104C90004FF4C840ADF8100004AA4FF4ED700221A3
:104CA00002F0FCF848F60060C9F2F900049004AA8A
:104CB0004FF4AE70042102F0F1F84FF40060ADF84B
:104CC000100004AA4FF4AD70022102F0E7F84FF48F
:104CD0000070ADF8100004AA4FF4AC70022102F08D
:104CE000DDF86FF02600002E58BF6FF027008DF81A
:104CF00006000DF1060240F23D70012102F0CEF8EF
:104D0000600752BF4FF08B304CF2C020CCF2C46031
:104D1000049004AA40F69820042102F0BFF801F0A4
:104D200081FCE00652BF4FF0A33042F62000C3F6EC
:104D30003000049004AA40F69E20042102F0AEF850
:104D400001F070FC40F2B00744F00800C2F2000726
:104D50006506B88001F066FC062000EAE57114F4EF
:104D6000C07F18BF063114F0140F18BF1031002E89
:104D700018BF04310020397007B0F0BD4AF60C218D
:104D8000C0F6000140F6F6304FF48062C82301F00F
:104D900039BA00002DE9F04F89B040F2B00914464D
:104DA000DDE912B2C2F200090F468046002199F8EF
:104DB00000000DF1040AABF8001051461E4601F048
:104DC000D1FB28B14FF0FF3009B0BDE8F08F00BF34
:104DD000B9F804C01CF0140F50D09DF80520B64659
:104DE0009DF80410BDF8066012049DF8095042EACF
:104DF000016132BA9DF8083041EA1242BDF80A60FA
:104E000022602A0442EA036233BA42EA134363602F
:104E10009DF80D309DF80C60BDF80E501B0443EA60
:104E200006632EBA43EA16461214A6609DF8116076
:104E3000091452439DF8105001FB012136041A1445
:104E400046EA056602FB02113214BDF8120002FBAD
:104E5000021100BA01F1714146EA1040B1F1007F40
:104E6000E06069D8BBF80000102140F480707646FD
:104E7000ABF800005FEA4C6004D420E000215FEA58
:104E80004C601CD50AEB01001AF801204378344627
:104E90008678C57890F804E0407943EA02223A80A7
:104EA00045EA062240EA0E207A80B880BBF800006E
:104EB000264641F0060140F00800ABF800001CF463
:104EC000C07F18D03AF801000AEB010200BA5388FB
:104ED000000CA8F8000018BA9288000CA8F802008C
:104EE00010BA000CA8F80400BBF80000063140F02E
:104EF0007000ABF800005FEA8C7016D00AEB010579
:104F00006878EC78C10709D0D9F8082032B104F0EC
:104F10000700411CC4F3C20090476878000704D51D
:104F2000D9F80C1009B1A0098847FBF7E1FD306002
:104F3000002009B0BDE8F08F01F074FB0020ABF851
:104F400000004FF0FF3009B0BDE8F08F10B584B01D
:104F500004460DF1020001F06BF840F20431BDF897
:104F600002C000BFC2F20001098801F003024B0732
:104F700054F822204FF00C0348BF524203EA510379
:104F80008806E358C1F3811048BF5B4254F8200003
:104F9000C90548BF40424FEACC3181FB02C481FBC6
:104FA00003E281FB00014FEA9C73800F43EA840C0B
:104FB0004FEA9E7340EA810EA00D8DF80400A00B0D
:104FC0008DF80500A0098DF80600900D8DF80800F9
:104FD000900B8DF8090090098DF80A00880D8DF866
:104FE0000C00880B8DF80D00880943EA82038DF8C8
:104FF0000E0001AA4FF425700C218DF807C08DF822
:105000000B308DF80FE001F049FF04B010BD000037
:1050100010B586B04AF6BB71CDF6DF7105914FF23F
:10502000AA11CDF6DF7104914FF2FE21CCF2AB4113
:10503000C828039118D80446C0B2C821B1FBF0F0CB
:10504000002101388DF804108DF8050001AA40F206
:105050001620022101F022FF30B903AA40F6C12038
:105060000C2101F01BFF18B14FF0FF3006B010BD4E
:1050700040F20830C2F200000480002006B010BDEB
:10508000F0B581B040F20431C2F200010E880C2369
:1050900006F003014EF2093450F8211003EA5603DA
:1050A000C0F2CA24720748BF4942C758C6F38113E9
:1050B00081FB041250F82350F0054FEA91704FEA3B
:1050C000925148BF6D428DF80010910B40EA82006A
:1050D0008DF8011091098DF802108DF803006A46D1
:1050E0004FF47470042101F0D9FEE0B9B00648BF56
:1050F0007F42A7FB0401FA1702FB0411800F8A0DFF
:1051000040EA81008DF800208A0B89098DF8012082
:105110008DF802108DF803006A464FF47570042173
:1051200001F0BCFE20B14FF0FF3001B0F0BD00BF78
:1051300085FB0401800F8A0D40EA81008DF8002074
:105140008A0B89098DF801208DF802108DF8030073
:105150006A464FF47670042101F0A0FE01B0F0BD64
:10516000B0B582B005464AF63311C0F60001C5F36A
:10517000C10300F00300CC5C0A5C8DF805404AF6E0
:1051800030148DF80420C5F38112C0F60004895C48
:10519000205C8DF806108DF80000E05CA15C8DF8B5
:1051A00001008DF8021001AA40F22640032101F00F
:1051B00075FE50BB6A4640F22A40032101F06EFEA4
:1051C00018BB45F23660C0F27600019044F22660CA
:1051D000C0F26600690700901CD4A80622D4E80536
:1051E00005D577208DF8060067208DF8020001AA0A
:1051F0004FF48860032101F051FE30B96A4640F255
:105200003140032101F04AFEB0B14FF0FF3002B04F
:10521000B0BD00BF37208DF8040027208DF80000B6
:10522000A806DCD557208DF8050047208DF8010031
:10523000E805D6D4DBE700BF40F20430C2F200003C
:105240000580002002B0B0BDF0B583B00446B1F5D2
:10525000C86F4FF0FF3055D814F0070252D00846FF
:1052600005F0B8F80021C4F2483104F089FF054682
:105270000DF1070000F0C0FE9DF8070002384FEA6C
:105280007002072A4FF0FF303CD80026C4F2406677
:105290004FF08D41DFE802F01504360A363636103D
:1052A0000026C4F2C0564FF08C410AE00026C4F23A
:1052B00040564FF08B4104E00026C4F2C0464FF048
:1052C0008A41284605F002F907462846314605F08E
:1052D000FDF805F04BF80646384605F047F8010A98
:1052E0008DF808108DF80900300A02A98D1C8DF880
:1052F0000A00E0078DF80B6006D1A00714D4600700
:1053000022D4002003B0F0BD02AA4FF4EA700221BB
:1053100001F0C4FD38BB4FF4927002212A4601F01F
:10532000BDFD00BBE9E700BF02AA4FF4EC7002210B
:1053300001F0B4FDB8B94FF4947002212A4601F08F
:10534000ADFD80B9DBE700BF02AA4FF4EE70022189
:1053500001F0A4FD38B94FF4967002212A4601F0FD
:105360009DFD0028CDD04FF0FF3003B0F0BD000010
:105370002DE9F04F85B040F21007C2F200070C464D
:1053800005460120D7E90013ADF808001878497DDB
:10539000164602AB022200F0FBFC002840F0C2805F
:1053A000C820FBF7C3F90020D7E900128DF80800E8
:1053B0001078497C02AB012200F0EAFC002840F0A2
:1053C000B180D7E9001002AB00784979012200F0E2
:1053D000DFFC002840F0A680D7E9001002AB00787F
:1053E000497D012200F0D4FC002840F09B80D7E9E1
:1053F000001002AB0078897E012200F0C9FC002871
:1054000040F09080D7E9001002AB007809790122C2
:1054100000F0BEFC002840F085800C20D7E9001287
:105420008DF808001078097902AB012200F0B0FC79
:10543000002877D10F20FBF779F9B86AD7E9001275
:10544000407A89788DF80800107802AB012200F0CC
:105450009FFC002866D1B86AD7E90012007A497823
:105460008DF80800107802AB012200F091FC0028B2
:1054700058D1B86AD7E90012807A002E18BF40F0E0
:10548000E0008DF808001078897902AB012200F065
:105490007FFC002846D12EB1B86AC07A60F01F00A8
:1054A00001E000BF1820D7E900128DF8080010783D
:1054B000C97902AB012200F06BFC98BB16B1C82081
:1054C000FBF734F94020D7E900128DF80800107876
:1054D000097902AB012200F05BFC18BB7820D7E908
:1054E00000128DF808001078497902AB012200F013
:1054F0004FFCB8B93220FBF719F90020D7E90012A8
:105500008DF808001078497902AB012200F040FCC8
:1055100040B9D7E9001002AB0078097B022200F005
:10552000BFF828B14FF0FF3005B0BDE8F08F00BFE5
:10553000BDF808004AF6AB2100BA000C4843C0F39E
:10554000C7420021002AC5E90011A960C4E9001181
:105550000192A16044D0C00C00260DF108095FFA49
:1055600080FBD7E900100C220078497B4B4600F005
:1055700097F80028D6D1BDF80A10BDF80800BDF88C
:105580000C2091FA81FEA16890FA80FC12BAD4E94D
:10559000003001EB224103EB2C4300EB2E40A160D5
:1055A000BDF81010C4E90030BDF81220BDF80E009F
:1055B00091FA81FCD5E9003192FA82FEAA6801369F
:1055C00000BA01EB2C48F1B203EB204002EB2E4A6B
:1055D0005945C5E90008C5F808A0C2D302E000BFDC
:1055E00095E80105C117090441EA1041000483222E
:1055F0000023FAF7FFFD019F00233A46FAF7FAFD70
:1056000028604FEAE870000440EA18414FEA084079
:1056100083220023FAF7EEFD3A460023FAF7EAFD6B
:1056200068604FEAEA70000440EA1A414FEA0A4013
:1056300083220023FAF7DEFD3A460023FAF7DAFD6B
:10564000A860D4E90006A568C117490141EAD06104
:1056500040013A460023FAF7CDFD2060F0174001E3
:1056600040EAD66170013A460023FAF7C3FD606054
:10567000E817400140EAD56168013A460023FAF78D
:10568000B9FD01464FF480320029C4BF0022CFF695
:10569000FF7211440020A16005B0BDE8F08F00004A
:1056A00010B584B094460A4605210291410040F2AB
:1056B0000C300093C2F200000123CDF804C0FBF7C8
:1056C000E9FA40F24A41C2F2000148B10A880446B0
:1056D00001320A8000F008F8204604B010BD00BF77
:1056E00000220A8004B010BD40F24A40C2F200001D
:1056F0000188032938BF704770B58EB0002505803A
:10570000402040F600440A901120C4F201040B909E
:105710000320CDE90C500AA92046FBF7CDF820461E
:1057200040210022FBF7DEF902950298042817DCDD
:105730000298013002900298042811DC029801308E
:105740000290029804280BDC029801300290029823
:10575000042805DC02980130029002980528E7DB56
:10576000204640210122FBF7BDF90295029804284A
:1057700018DC00BF0298013002900298042811DC66
:10578000029801300290029804280BDC0298013044
:1057900002900298042805DC0298013002900298D9
:1057A0000528E7DB2046402100220025FBF79AF977
:1057B00002950298042817DC0298013002900298A2
:1057C000042811DC029801300290029804280BDCB6
:1057D0000298013002900298042805DC02980130FA
:1057E000029002980528E7DB204640210122FBF7C2
:1057F00079F902950298042818DC00BF029801305C
:1058000002900298042811DC02980130029002985C
:1058100004280BDC0298013002900298042805DC71
:1058200002980130029002980528E7DB20464021CB
:1058300000220025FBF756F902950298042817DC90
:105840000298013002900298042811DC029801307D
:105850000290029804280BDC029801300290029812
:10586000042805DC02980130029002980528E7DB45
:10587000204640210122FBF735F9029502980428C1
:1058800018DC00BF0298013002900298042811DC55
:10589000029801300290029804280BDC0298013033
:1058A00002900298042805DC0298013002900298C8
:1058B0000528E7DB2046402100220025FBF712F9EE
:1058C00002950298042817DC029801300290029891
:1058D000042811DC029801300290029804280BDCA5
:1058E0000298013002900298042805DC02980130E9
:1058F000029002980528E7DB204640210122FBF7B1
:10590000F1F802950298042818DC00BF02980130D3
:1059100002900298042811DC02980130029002984B
:1059200004280BDC0298013002900298042805DC60
:1059300002980130029002980528E7DB20464021BA
:1059400000220025FBF7CEF802950298042817DC08
:105950000298013002900298042811DC029801306C
:105960000290029804280BDC029801300290029801
:10597000042805DC02980130029002980528E7DB34
:10598000204640210122FBF7ADF802950298042839
:1059900018DC00BF0298013002900298042811DC44
:1059A000029801300290029804280BDC0298013022
:1059B00002900298042805DC0298013002900298B7
:1059C0000528E7DB2046402100220025FBF78AF866
:1059D00002950298042817DC029801300290029880
:1059E000042811DC029801300290029804280BDC94
:1059F0000298013002900298042805DC02980130D8
:105A0000029002980528E7DB204640210122FBF79F
:105A100069F802950298042818DC00BF029801304A
:105A200002900298042811DC02980130029002983A
:105A300004280BDC0298013002900298042805DC4F
:105A400002980130029002980528E7DB20464021A9
:105A500000220025FBF746F802950298042817DC7F
:105A60000298013002900298042811DC029801305B
:105A70000290029804280BDC0298013002900298F0
:105A8000042805DC02980130029002980528E7DB23
:105A9000204640210122FBF725F8029502980428B0
:105AA00018DC00BF0298013002900298042811DC33
:105AB000029801300290029804280BDC0298013011
:105AC00002900298042805DC0298013002900298A6
:105AD0000528E7DB2046402100220025FBF702F8DD
:105AE00002950298042817DC02980130029002986F
:105AF000042811DC029801300290029804280BDC83
:105B00000298013002900298042805DC02980130C6
:105B1000029002980528E7DB204640210122FAF78F
:105B2000E1FF02950298042818DC00BF02980130BA
:105B300002900298042811DC029801300290029829
:105B400004280BDC0298013002900298042805DC3E
:105B500002980130029002980528E7DB2046402198
:105B600000220025FAF7BEFF02950298042817DCF0
:105B70000298013002900298042811DC029801304A
:105B80000290029804280BDC0298013002900298DF
:105B9000042805DC02980130029002980528E7DB12
:105BA000204640210122FAF79DFF02950298042821
:105BB00018DC00BF0298013002900298042811DC22
:105BC000029801300290029804280BDC0298013000
:105BD00002900298042805DC029801300290029895
:105BE0000528E7DB80200A9011200B900AA92046A7
:105BF000FAF762FE204680210122FAF773FF0026A1
:105C000002960298132817DC02980130029002983D
:105C1000132811DC029801300290029813280BDC43
:105C20000298013002900298132805DC0298013096
:105C3000029002981428E7DBC0200A9012200B90F3
:105C400003200D900AA92046FAF736FE44F6000517
:105C5000CFF6FF75605920F001006051029602985E
:105C6000092817DC0298013002900298092811DCFB
:105C7000029801300290029809280BDC029801304A
:105C800002900298092805DC0298013002900298DF
:105C90000A28E7DB6059002640F0010060518020AF
:105CA000CDE90A0601200C900AA920460D96FAF7C4
:105CB00003FE02960298132818DC00BF02980130F8
:105CC00002900298132811DC029801300290029889
:105CD00013280BDC0298013002900298132805DC8F
:105CE00002980130029002981428E7DB20468021B8
:105CF000FAF7EAFEE0B3C0200290122003900320DE
:105D00000026059002A920460496FAF7D5FD6059B1
:105D100040F40040605101960198132818DC00BF40
:105D20000198013001900198132811DC019801308D
:105D30000190019813280BDC019801300190019823
:105D4000132805DC01980130019001981428E7DB45
:105D5000605920F40040605140F20C30C2F2000063
:105D6000FAF7CCFEFDF7A8FA0EB0BDE87040704718
:105D7000C020069012200790002008900320099070
:105D800006A92046FAF798FD0EB0BDE870407047AE
:105D900010B584B094460A4605210291410040F2B4
:105DA0000C300093C2F200000123CDF804C0FBF7D1
:105DB00017F940F24A41C2F2000148B10A8804468C
:105DC00001320A80FFF790FC204604B010BD00BFEE
:105DD00000220A8004B010BD90B0FBF711FA002435
:105DE0000120CDE90B44CDE9094406900A904FF417
:105DF000E0104FF4803102250F9006A8CDE907147A
:105E0000CDE90D51FBF708FC20B1EFF3108072B61D
:105E1000FEE700BF0F20CDE901054FF48060CDE91A
:105E2000040401A802210394FBF7E2FA20B1EFF386
:105E3000108072B6FEE700BF41F20009C4F201090A
:105E4000FDF7C6F9FDF780FAFDF736FAFDF756FAC9
:105E5000FCF7B2FFFAF7E6FB4FF4FA60FAF766FCDC
:105E6000FDF71EFBFAF798FB3220FAF75FFCFEF70E
:105E700031FC40F21816C2F200064FF0000886F816
:105E800000803078012819D046F2556742F2BB24D1
:105E9000C8F67707C4F2334406AD00BF2846CDE903
:105EA0000647FEF7B1F848464FF40051FAF712FEE4
:105EB0009620FAF73BFC30780128EFD148464FF4A2
:105EC0000051012286F80080FAF70CFE4FF496701C
:105ED000FAF72CFC48464FF400510022FAF702FE74
:105EE0004FF49670FAF722FC48464FF40051012215
:105EF000FAF7F8FD4FF49670FAF718FC48464FF49D
:105F000000510022FAF7EEFD4FF49670FAF70EFCFE
:105F100048464FF400510122FAF7E4FD4FF4967021
:105F2000FAF704FC48464FF400510022FAF7DAFD74
:105F30004FF49670FAF7FAFB48464FF400510022EE
:105F4000FAF7D0FD00F0FAFFFDF70CF901F00AF8BE
:105F5000FEE70000F0B581B040F21004C2F2000488
:105F600094F8241011B1002001B0F0BDA27A5AB308
:105F700000F0FE063240257C901B217D18BF4FF0BB
:105F8000FF30002E227408BF002921D0617C99B90E
:105F90000121D4E900328DF802101278597C0DF1FC
:105FA0000203074610460122FFF7F2FE014638467B
:105FB00011B99DF802106174E6B1064600F032FB9B
:105FC00001463046B1B125744FF0FF3001B0F0BD4D
:105FD00005460020D4E900128DF803001078497CB2
:105FE0000DF103030122FFF7D3FE10B99DF8030062
:105FF0006074284601B0F0BD40F21001C2F2000109
:106000004A7A032A84BF4FF0FF30704740F20243C0
:10601000D200C1F20803D3400370C97C29B140F615
:106020000401C2F21001D14001700020704700004D
:1060300040F21001C2F200014A7A032A84BF4FF0F5
:10604000FF30704706A333F81230C97C0FF2180CEA
:106050003CF812200029038018BF028000207047FE
:1060600000409C1F001000080020CE0F0008000414
:1060700040F21001C2F200010A7A032A84BF4FF0F5
:10608000FF3070470021C4F20331DFE802F006035D
:10609000091100BF0021C4F2832101600020704774
:1060A00043F23331C4F2032101600020704700BF86
:1060B00043F23331C4F283110160002070470000C5
:1060C00010B582B040F21004C2F200048020D4E97E
:1060D00000128DF801001078497D0DF101030122B5
:1060E000FFF756FEC8B96420FAF720FB0020D4E978
:1060F00000128DF801001078497D0DF10103012295
:10610000FFF746FE48B9D4E900100DF1010300780D
:10611000497E0622FFF7C4FA20B14FF0FF3002B0EB
:1061200010BD00BF9DF806209DF802009DF80410E8
:10613000042303EA820261F3410200F001008018A7
:1061400006D0012816D00228E7D1002013E000BFB6
:10615000D4E900100DF101030078C9780122FFF79E
:106160009FFA0028D9D19DF8010010F00F00D4D07B
:106170000428EAD10120E0744FF6FF70E081FF208F
:106180002074A0744FF0FF30A0600020C4E9050027
:10619000E0612084C4F8230084F8270018208DF8DB
:1061A0000700D4E900100122007889790DF1070376
:1061B000227384F82220FFF7EBFD0028ADD19DF873
:1061C0000700C0082072022000F0E4FB0028A4D1E0
:1061D0002A2000F0FFFC00289FD1322000F048FD6B
:1061E00000289AD10020FFF7B5FE002895D10020A5
:1061F00000F008FC002890D1002000F0DDFD002018
:1062000002B010BD2DE9F04F89B0064600294FF0CD
:10621000FF3000F0878040F21005C2F200050C4606
:1062200095F8251000297DD1002ECDE9003260D0EF
:106230004FF000080DF1120BCDE90246A6EB080065
:1062400087B2A87A102F28BF102700285FD068686F
:106250005FFA88F1394442891FFA81F998FA88F186
:1062600091454FEA1141ADF8221050D829680078C5
:10627000C97E02220DF12203FFF78AFD002846D1D4
:10628000D5E900101FFA88FA0078097E04EB0A06A7
:10629000FCB222463346FFF77BFDC0BBA87AB0B301
:1062A00068684FEA1A2142898DF8221091458DF8CD
:1062B00023802CD829680078C97E02220DF12203A0
:1062C000FFF766FD18BBD5E9001022460078097E6D
:1062D0005B46FFF7E5F9D0B9304659463A46F9F73B
:1062E000C3FF18BBB844039E1FFA88F0029CB0425B
:1062F000A4D30198D5E9001240BAADF82200107875
:10630000497F0DF122030222FFF742FD20B14FF039
:10631000FF3009B0BDE8F08F012085F82500009816
:10632000E884002009B0BDE8F08F00BF6FF00100E5
:1063300009B0BDE8F08F0000282884BF4FF0FF307F
:10634000704770B584B040F210040028C2F2000417
:1063500048D094F82310012921D00546A07C94F858
:1063600022103222002808BF30228DF80A2039B1CD
:106370006FF04D01002808BF6FF04F018DF80A1033
:10638000D4E900100DF10A030078C97D012201262D
:10639000FFF7FEFC0028284608BF84F82360202170
:1063A00001288DF8071057D1A07A002100288DF818
:1063B000081000F09D80E07A062106288DF80B1069
:1063C00000F09680D4E900100DF10B030078897875
:1063D0000122FFF7DDFC002840F08A809DF80B00C9
:1063E00085E000BF94F8230000B3A07C94F822104D
:1063F0000246002818BF012252008DF8092039B149
:106400006FF07D01002808BF6FF07F018DF8091043
:10641000D4E900100DF109030078C97D0122FFF7CE
:10642000B7FC002804BF002084F823004FF4E0608C
:10643000D4E90012ADF807001078497D0DF107038B
:106440000222FFF7A5FC002806BF002020754FF0B0
:10645000FF3004B070BD00BF052817D8A07A012115
:1064600000288DF8081043D0E07A062106288DF820
:106470000C103DD0D4E9001003AB007889780122DC
:10648000FFF786FCA0BB9DF80C0030E0142817D85D
:10649000A07A02218DF8081050B3E07A0521052872
:1064A0008DF80D1024D0D4E900100DF10D03007803
:1064B00089780122FFF76CFCD0B99DF80D0016E039
:1064C000A07A03218DF8081090B1E07A0421042805
:1064D0008DF80E100CD0D4E900100DF10E030078E9
:1064E00089780122FFF754FC10B99DF80E00E07284
:1064F0009DF80800D4E90012800107308DF80800EB
:106500001078497D0DF107030222FFF741FC18B115
:106510004FF0FF3004B070BD94F824100820A07232
:10652000002000294FF00101207321757FF491AF05
:10653000617C207411B1002004B070BD0120D4E949
:1065400000128DF80F001078497C0DF10F03012225
:10655000FFF71EFC0028EED19DF80F0060740020AC
:1065600004B070BD2DE9F04182B040F21007C2F2D4
:10657000000797F824300446002B4FF0FF3045D039
:10658000BB7A002B42D00D46D7E9001016460078A2
:10659000097B0DF106030222FFF782F820B14FF0CC
:1065A000FF3002B0BDE8F081BDF8061008BAB4EBC8
:1065B000104F07D9002030704FF0FF3002B0BDE817
:1065C000F08100BF786891FA91F84288B8EB520FD9
:1065D0000ED939680078C97C0DF106030122FFF756
:1065E0005FF80028DBD19DF80600C00612D4786859
:1065F00039680078497BE2B22B46FFF751F8002852
:10660000CDD1B8FBF4F001383070002002B0BDE805
:10661000F08100BF00F006F86FF0010002B0BDE8A5
:10662000F081000010B582B040F21004C2F2000404
:10663000A07A00B30020D4E900128DF8070010788A
:10664000497C0DF107030122FFF7A2FB98B9D4E9B9
:1066500000100DF10703007849790122FFF798FB3C
:1066600048B9D4E900100DF1070300780979012237
:10667000FFF78EFB20B14FF0FF3002B010BD00BF1E
:1066800094F82400002841D00C20D4E900128DF8A1
:106690000700107809790DF107030122FFF778FB55
:1066A0000028E8D13220FAF741F8A07A0DF107036B
:1066B000C0076FF01F0008BF6FF03F00D4E9001261
:1066C0008DF80700107809790122FFF761FB002897
:1066D000D1D1607C0DF10703002818BF01204000D4
:1066E000D4E900128DF807001078497C0122FFF7E9
:1066F0004FFB0028BFD10020D4E900128DF807001D
:10670000107849790DF1070340E000BF0420D4E977
:1067100000128DF80700107809790DF107030122A6
:10672000FFF736FB0028A6D1A07AA17CC0074FF066
:10673000600008BF4020002918BF4020D4E90012A3
:106740008DF80700107809790DF107030122FFF792
:106750001FFB00288FD13220F9F7E8FF607C0DF194
:106760000703002818BF0120D4E900128DF80700A4
:106770001078497C0122FFF70BFB00287FF47BAFE8
:10678000D4E9001004F11003007849790122FFF7E1
:10679000FFFA00287FF46FAF002002B010BD0000A8
:1067A0002DE9F04F89B040F21006C2F2000696F8CB
:1067B00024500F46044615B1002000F09BF9307AB2
:1067C000019503280CD84AF6D011C0F6000131F823
:1067D0001090707A032808D96FF0010010E000BF14
:1067E0004FF00009707A0328F6D866A2F37C02EB1A
:1067F000800260A1002B08BF01EB80021068023804
:10680000F57A0090681E96F80A8096F810A006287F
:10681000B6F80EB0204639464FF0000228BF0625D4
:10682000FEF7A6FD28B1204639460022FEF7A0FD5E
:10683000C8B905A802A90122FEF79AFD28B105A84A
:1068400002A90122FEF794FD68B9706808AB0078D0
:106850000D210422FEF724FF706808AB00780D219B
:106860000322FEF71DFF2046394600220024FEF7D2
:106870007FFD4FF6FF70F081FF2030744FF0FF3046
:10688000B0600120B9F57A7F307307DAB9F1FA0FF9
:106890000FD0B9F5FA7F07D108240AE008D0B9F57E
:1068A000FA6F01D1182404E0DDF8049014E000BF71
:1068B0001024D6E900108DF8204000788979DDF8A1
:1068C000049008AB0122FFF763FA18B99DF8200085
:1068D000C0083072B07AC8B300984FEA7000072839
:1068E00021D8C1B28B2222FA01F1C9071BD04AF686
:1068F000E0124AF6D811C0F60002C0F60001125CA0
:10690000737A085C93428DF820000CD0D6E9001011
:1069100008AB0078C9790122FFF73AFA18B99DF857
:106920002000C0087072B07A80B1F07A8DF82050E3
:10693000A8420BD0D6E9001008AB00788978012274
:10694000FFF726FA10B99DF82000F072584600F0C3
:106950008FF9404600F030FA5046FFF7FBFAB9F1E4
:10696000000F02D0012000F0C5F8072009B0BDE8F3
:10697000F08F00BF020000000400000008000000CB
:1069800010000000040000000800000010000000DB
:106990002000000010B582B040F21004C2F20004E2
:1069A000A17A19B302384FEA700007281ED8C1B285
:1069B0008B2222FA01F1C90718D04AF6E0124AF6F2
:1069C000D811C0F60002C0F60001125C637A085CC0
:1069D00093428DF8070011D0D4E900100DF10703A0
:1069E0000078C9790122FFF7D3F918B14FF0FF30D1
:1069F00002B010BD9DF80700C0086072002002B010
:106A000010BD0000B0B582B040F21005C2F2000522
:106A1000A97C814202D1002002B0B0BD0446D5E974
:106A200000100DF10703007809790122FEF738FE06
:106A300094B3002846D19DF80700D5E9001200F074
:106A4000DF008DF80700107809790DF107030122A6
:106A5000FFF79EF9B0BB0320F9F768FE95F8221006
:106A600095F823206FF07D00002908BF02208DF8E3
:106A700007001AB140F030008DF80700D5E900108A
:106A80000DF107030078C97D0122FFF781F9C8B92C
:106A9000AC74002002B0B0BDA0B99DF80700A97A7F
:106AA00000F0DF0001F0010140EA4110D5E90012D9
:106AB0008DF80700107809790DF107030122FFF71F
:106AC00067F918B14FF0FF3002B0B0BD0320F9F7FD
:106AD0002DFE95F8220095F82310024600281CBFD1
:106AE00001226FF07F00D20100298DF80720C1D16B
:106AF000C4E70000B0B582B040F21004C2F2000456
:106B000094F8241081425DD0D0B394F82500002879
:106B10005CD009B9A07A78B10020D4E900128DF8D0
:106B200005001078497C0DF105030122FFF730F9CB
:106B300010B99DF80500607400200025FFF762FF82
:106B4000E08C00F095F860688DF80450007801AB97
:106B5000232101220125FFF71BF90220D4E90012AD
:106B60008DF806001078497C0DF10603012284F8A7
:106B70002450FFF70DF918BB9DF8060060741FE064
:106B800009B9A07A78B10020D4E900128DF8070085
:106B90001078497C0DF107030122FFF7F9F810B9CD
:106BA0009DF807006074207C61688DF80400087807
:106BB00001AB23210122FFF7EBF8002084F8240029
:106BC000FFF730FD002002B0B0BD00BF4FF0FF3036
:106BD00002B0B0BD10B582B040F21004C2F20004A1
:106BE000A17AD1B3BB2807D90121E07A8DF807102B
:106BF000884228D139E000BF612807D90221E07A14
:106C00008DF8071088421ED12FE000BF292807D930
:106C10000321E07A8DF80710884214D125E000BFE7
:106C2000132807D90421E07A8DF8071088420AD189
:106C30001BE000BF0621092888BF0521E07A8DF8F6
:106C40000710884211D0D4E900100DF10703007835
:106C500089780122FFF79CF820B14FF0FF3002B095
:106C600010BD00BF9DF80700E072002002B010BD0B
:106C7000B0B582B040F21004C2F20004A17A00293B
:106C80004FF0FF3162D094F82420002A5ED1217D9C
:106C9000002941D0411E89B2272907D8C0B2FFF789
:106CA0004BFB0021084602B0B0BD00BF054694F87A
:106CB000230000B3A07C94F822100246002818BFDD
:106CC000012252008DF8062039B16FF07D010028B5
:106CD00008BF6FF07F018DF80610D4E900100DF1A8
:106CE00006030078C97D0122FFF752F8002804BF8F
:106CF000002084F823004FF4E060D4E90012ADF8DE
:106D000004001078497D01AB0222FFF741F800280A
:106D100004BF0020207528464FF47A75B0F57A7FBD
:106D200028BF2846042898BF0420B5FBF0F0D4E91A
:106D3000001201388DF80300107849780DF1030333
:106D40000122FFF725F828B14FF0FF31084602B0C5
:106D5000B0BD00BF9DF80310A27A481CB5FBF0F04F
:106D6000E0812AB3022901D201200FE0052901D2D6
:106D700002200BE00B2901D2032007E0192901D2E0
:106D8000042003E00620322938BF0520E17A8DF87F
:106D9000070081420CD0D4E900100DF10703007800
:106DA00089780122FEF7F4FF10B99DF80700E07220
:106DB0000021084602B0B0BD70B582B00446B0FAFA
:106DC00080F040F2100540090121C2F2000514F0E4
:106DD000700F08BF8101D5E900208DF806100078FA
:106DE000517D0DF1060301220126FEF7D1FFF0B916
:106DF000042121EA141104F010029DF8060086EA2D
:106E00001212A30658BF02311144220758BF38316D
:106E10008DF80610D5E9001200F0BF031078897DC7
:106E20002B730DF106030122FEF7B2FF30B10020F3
:106E3000A8724FF0FF3002B070BD00BF14F0F70F22
:106E400023D095F8230000B3A87C95F822100246C1
:106E5000002818BF012252008DF8072039B16FF0C9
:106E60007D01002808BF6FF07F018DF80710D5E97C
:106E700000100DF107030078C97D0122FEF788FF9D
:106E8000002804BF002085F8230000202875322048
:106E9000AC72F9F74BFC002002B070BD0346002A2B
:106EA0004FF0FF3008BF704770B582B040F2100558
:106EB000C2F20005AE7A56B168685EBADBB24489A8
:106EC0000B44A342ADF8066006D94FF0FF3002B084
:106ED000BDE87040704700BF0E4629680078C97E43
:106EE00014460DF106030222FEF752FF30B14FF0B7
:106EF000FF3002B0BDE87040704700BFD5E9001018
:106F0000F2B20078097E2346FEF742FF002818BF40
:106F10004FF0FF3002B0BDE870407047EFF30581DD
:106F200000291CBF6FF005007047002804BF002037
:106F3000704780B500F050FF002080BDEFF3058062
:106F400000281CBF6FF00500704740F20030C2F20D
:106F500000000168002911BF4FF0FF3001210160DE
:106F600000207047EFF3058000281CBF6FF005007C
:106F7000704740F20030C2F20000016801291CBFD6
:106F80004FF0FF30704780B54EF61F51CEF2000132
:106F900000220A700221016000F0E8FF002080BD9D
:106FA000F0B585B08C4600230493EFF30581B0B3B0
:106FB000A9BB2AB39469002C08BF1824382C2ED8FA
:106FC0001179C9072BD15669D2E902574FEA960EBB
:106FD0001168002E734608BF80231DB35C2F25D394
:106FE00012690023002A18BF002E18D0CDE90042F4
:106FF00072466346029501F0BBFC05B0F0BD00BFD0
:1070000080231824002104AF9AB26346CDE90047DB
:1070100001F07EFC00230499012808BF0B461846A6
:1070200005B0F0BD17B91269002AECD0002318464C
:1070300005B0F0BD2DE9F041044600F0B1FD40F28D
:107040009416C2F20006F06840F200650130F0606C
:107050003068C2F2000558B13069002840F007815D
:107060003068E16AC06A884298BF3460FFE000BFC0
:107070003460F068012840F0FA80284600F040FDB6
:1070800005F1140000F03CFD05F1280000F038FD8A
:1070900005F13C0000F034FD05F1500000F030FD3A
:1070A00005F1640000F02CFD05F1780000F028FDEA
:1070B00005F18C0000F024FD05F1A00000F020FD9A
:1070C00005F1B40000F01CFD05F1C80000F018FD4A
:1070D00005F1DC0000F014FD05F1F00000F010FDFA
:1070E00005F5827000F00CFD05F58C7000F008FDD0
:1070F00005F5967000F004FD05F5A07000F000FDA8
:1071000005F5AA7000F0FCFC05F5B47000F0F8FC81
:1071100005F5BE7000F0F4FC05F5C87000F0F0FC59
:1071200005F5D27000F0ECFC05F5DC7000F0E8FC31
:1071300005F5E67000F0E4FC05F5F07000F0E0FC09
:1071400005F5FA7000F0DCFC05F5027000F0D8FCE3
:1071500005F5077000F0D4FC05F50C7000F0D0FCCC
:1071600005F5117000F0CCFC05F5167000F0C8FCB8
:1071700005F51B7000F0C4FC05F5207000F0C0FCA4
:1071800005F5257000F0BCFC05F52A7000F0B8FC90
:1071900005F52F7000F0B4FC05F5347000F0B0FC7C
:1071A00005F5397000F0ACFC05F53E7000F0A8FC68
:1071B00005F5437000F0A4FC05F5487000F0A0FC54
:1071C00005F54D7000F09CFC05F5527000F098FC40
:1071D00005F5577000F094FC05F55C7000F090FC2C
:1071E00005F5617000F08CFC05F5667000F088FC18
:1071F00005F56B7000F084FC05F5707000F080FC04
:1072000005F5757000F07CFC05F57A7000F078FCEF
:1072100005F57F7000F074FC05F5826000F070FCED
:1072200005F2244000F06CFC05F5876000F068FC76
:1072300005F24C4000F064FC40F2D828C2F200088D
:10724000404600F05DFC08F11407384600F058FC99
:1072500006F1640000F054FC06F13C0000F050FC24
:1072600006F1500000F04CFCC6F81C8037627068D4
:10727000716A421CE06A72608842626488BF706210
:1072800000EB800005EB8000211D00F07BFC00F08E
:10729000ABFC306988B13068E16AC06A884228BFB7
:1072A000BDE8F0814EF60450CEF200004FF0805160
:1072B0000160BFF34F8FBFF36F8FBDE8F081000017
:1072C00040F2941540F200664EF60458C2F20005F2
:1072D000C2F20006CEF200084FF0805703E000BF74
:1072E000204600F099FCA868D0B100F059FCA86CC9
:1072F000C468201D00F0D6FBE8680138E860A86883
:107300000138A86000F070FC94F859000228EAD017
:107310000128E5D070B9206B00F07EFCE0E700BFEB
:1073200030680228DFD3C8F80070BFF34F8FBFF377
:107330006F8FD8E74FF0500080F31188BFF36F8F45
:10734000BFF34F8FFEE700002DE9F0470A9C82460D
:10735000206B16460F46DDE908599100A522984694
:10736000F8F7F3FF206B002F00EB8600A0F104007C
:1073700020F0070644D0387884F83400D8B3787801
:1073800084F83500B8B3B87884F8360098B3F87844
:1073900084F8370078B3387984F8380058B37879AE
:1073A00084F8390038B3B87984F83A0018B3F8791A
:1073B00084F83B00F8B1387A84F83C00D8B1787A88
:1073C00084F83D00B8B1B87A84F83E0098B1F87AF4
:1073D00084F83F0078B1387B84F8400058B1787B5E
:1073E00084F8410038B1B87B84F8420000281CBF03
:1073F000F87B84F84300002084F8430003E000BFDA
:10740000002084F834000027201D372D28BF3725A1
:10741000E562C4E9135700F07FFB04F1180000F0A7
:107420007BFBC5F13800A0613046514642462461DD
:107430006462676584F8587000F024FBB9F1000FAE
:10744000206018BFC9F80040BDE8F0870648006812
:10745000006880F3088862B661B6BFF34F8FBFF350
:107460006F8F00DF00BF000008ED00E081B000205A
:10747000009040F23C00C2F2000000684FF0500162
:1074800081F31188BFF36F8FBFF34F8F013007D0A7
:10749000FEE700BF009830B9009820B9009810B9F5
:1074A00000980028F6D001B07047000088B040F284
:1074B0000C2AC2F2000A0DF11009EB46DAF80800B6
:1074C00005681DB1C068046801E000BF002400F039
:1074D000C5FD01F099FADAF810100646884220D36B
:1074E000002DCAF8106051D0B4424FD801F096FB7D
:1074F000DAF80800C068C7683D1D284600F0D2FAD7
:1075000097F82800410745D400F0FA0087F82800D2
:1075100082E000BF7860DAF8080029463F6100F099
:10752000FFFADAF80800016831B3C068C768046878
:107530003D1D284600F0B6FA396A3846884797F864
:1075400028004007EDD5B8692044A042E2D8DAF817
:107550000000002800F04081002004A991C101F042
:1075600043FADAF8000049460022002300F002FF47
:107570000028D6D130E100BFDAF80C10CAF810604C
:10758000CAE9021001F04AFB4FE000BF65B10022DA
:1075900010E000BFB8693F610119B14279601DD99F
:1075A0000AF108001FE000BFDAF80C000068B0FA2A
:1075B00080F04209DAF80000A11B00F0E3FB01F0C3
:1075C0002DFB90BB4EF60450CEF200004FF08051E0
:1075D0000160BFF34F8FBFF36F8F26E0311B8142F5
:1075E00006D20AF10C000068294600F099FA13E06F
:1075F000DAF80000002800F00D81002004A991C1F4
:1076000001F0F2F9DAF8000049460022002300F008
:10761000B1FE002800F0FE80396A3846884704E051
:107620000AF10C02106800F07BFADAF80000594603
:10763000002200F0FFFF00283FF440AF0098B0F1B7
:10764000FF3F06DCDDE90120039990470098002800
:10765000EBD4029E706910B1301D00F023FA01F0E6
:10766000D3F9DAF81010074688420CD30098CAF80C
:10767000107009283DD9D8E76860DAF8080021467B
:107680002D6100F04DFADAF80800016841B3C068D6
:10769000C568D0F800802C1D204600F003FA296A46
:1076A0002846884795F828004007ECD5A86940444B
:1076B0004045E1D8DAF80000002800F0838000207F
:1076C000CDE90408069501F08FF9DAF80000494683
:1076D0000022002300F04EFE0028D4D172E000BF4B
:1076E000DAF80C10CAE902100098CAF810700928DC
:1076F0009BD8DFE800F005050557415F05055741B8
:1077000096F82800B26940F00101019886F8281027
:107710001318314641F8043FBB42366108D987420D
:107720000AF10802BFF47EAF834205D27AE700BFB8
:10773000381A9042FFF474AF316A3046884796F8A1
:10774000280040077FF571AFDAF8000000284DD01F
:107750000198B169069608440021CDE9041001F0B2
:1077600043F9DAF8000049460022002300F002FE47
:1077700000287FF45AAF39E096F8280040F0010164
:10778000019886F828100028B06139D03844314675
:107790000AF10C0241F8040F3661B84288BF0AF1C1
:1077A00008023FE796F8280000F0FE0086F828005F
:1077B0003BE700BF96F828008107F5D4304600F07B
:1077C0002BFA32E74FF0500080F31188BFF36F8F30
:1077D000BFF34F8FFEE700BF4FF0500080F31188DA
:1077E000BFF36F8FBFF34F8FFEE700BF4FF0500026
:1077F00080F31188BFF36F8FBFF34F8FFEE700BF99
:107800004FF0500080F31188BFF36F8FBFF34F8F9D
:10781000FEE700BF4FF0500080F31188BFF36F8F79
:10782000BFF34F8FFEE70000F0B581B0044600F0D3
:10783000B7F994F94560012E0FDB04F1240500BF70
:10784000286850B1284601F0AFF9002818BF00F0B1
:107850000DFBF0B2013E0128F2D8FF2684F8456006
:1078600000F0C2F900F09CF994F94470012F0EDB8E
:1078700004F11005286850B1284601F095F9002858
:1078800018BF00F0F3FAF8B2013F0128F2D884F8EB
:10789000446001B0BDE8F04000F0A6B970B5044600
:1078A00000F0DCFB40F2482CC2F2000CDCF80420B3
:1078B00012B19CF8000020E040F66020C2F2000007
:1078C000420700F5406200F1070122F0070218BFED
:1078D00021F007000021A2F10803CCE90601CCF851
:1078E000043042E90211DCF80420191AC0E9002131
:1078F0000120CCE902118CF800000025002C4FF08B
:10790000000148BF01215AD0084058D124F0070097
:1079100000F11003600708BF04F10803DCF8080059
:10792000591E81424BD2604650F818EFDEF80450E1
:107930009D422CD2DEF80010C1B174464D689D42C4
:1079400018D20E68B6B175689D4217D23068A8B1DA
:1079500045689D4216D20468A4B165689D4215D25F
:107960002168A6460029E9D111E000BF0CF11800FA
:107970000DE000BF8E46204609E000BFB64608462F
:1079800005E000BF8646304601E000BFA6469645AA
:1079900014D00268DEF80040E91A112904604FD3C0
:1079A0000EEB0305680719D04FF0500080F31188E3
:1079B000BFF36F8FBFF34F8FFEE700BF002501F0CD
:1079C0002DF968075CD04FF0500080F31188BFF3A9
:1079D0006F8FBFF34F8F00BFFEE700BF0CF11800A1
:1079E0006960CEF8043000BF0168A9420AD2086875
:1079F000A8420BD20168A94204D208680B46A842EB
:107A0000F2D304E00346084601E000BF0B465C6881
:107A100069681E19AE4202D121441D4659606C1896
:107A2000844201D0044607E0DCF80440A04203D0C1
:107A3000D0E9004008446860AB422C6018BF1D606C
:107A4000DEF80400DCE9021302F10805091A994284
:107A5000CCF8081038BFCCF80C109CF800100029A6
:107A60004FF0000118BF40F00040CEE90010DCF8F4
:107A700010000130CCF8100001F0D0F86807A2D156
:107A8000284670BD034647F26D40C0F600004FF037
:107A9000807C21F0010103E90310A3F1400043F8C9
:107AA000202C70470169D0E90132D1F804C09A60F6
:107AB0008445536008BF4A600022026108680138AB
:107AC000086008687047000041F66403C2F20003D2
:107AD000036041F26460C2F2000008608020106020
:107AE0007047000041F6C043C2F20003036041F654
:107AF000C000C2F2000008604FF480701060704750
:107B00004FF0FF31024642F8081F00214260C0E9F1
:107B100003220160704700000021016170470000EE
:107B200010B5D1F800C01CF1010213D000F1080417
:107B300062681368634511D853681C68644511D89E
:107B40005A68146864450FD854682368A64663458C
:107B5000EED90BE00269D2F804E007E0964622462F
:107B600004E000BF9E4601E096461A46C1F804E0D4
:107B7000CEF808108A605160086101680131016027
:107B800010BD0000D0F800C0436808619A68C1E9E0
:107B90000132516099600CF10101016070470000F1
:107BA0004FF0500080F31188BFF36F8FBFF34F8FFA
:107BB00040F23C00C2F2000001684A1C026009B1B8
:107BC000704700BF4EF60450CEF200000068000679
:107BD00008BF70474FF0500080F31188BFF36F8FDC
:107BE000BFF34F8FFEE7000040F23C00C2F20000FE
:107BF000016839B10139016018BF7047002080F376
:107C0000118870474FF0500080F31188BFF36F8FD9
:107C1000BFF34F8FFEE7000070B5002808BF70BDAE
:107C200040F24824C2F20004217850F8042C0029C4
:107C300018BF4FF0004111420ED0A0F108052B688B
:107C4000A3B14FF0500080F31188BFF36F8FBFF3E3
:107C50004F8F00BFFEE700BF4FF0500080F3118848
:107C6000BFF36F8FBFF34F8FFEE700BF22EA010122
:107C700040F8041C064600F0F1F956F8040CA1681F
:107C80000144A16004F118010B68AB420AD21968E3
:107C9000A94213D20B68AB4204D219681A46A94212
:107CA000F2D301E00A4619465368D618AE420AD00C
:107CB0002B188B420DD00B4612E000BF1A465368BA
:107CC000D618AE42F4D11844154650602B188B429A
:107CD000F1D16368994203D0D1E90031084468606A
:107CE000AA422B6018BF1560606901306061BDE871
:107CF000704000F093BF00004EF21000CEF2000082
:107D000000210160816040F20C01C2F200010968AB
:107D100044F6D352C1F26202A1FB02124FF0FF31CE
:107D200001EB9211416007210160704741F61C5C34
:107D3000C2F2000CDCF8003003B3634653F8082F9E
:107D4000EAB1634653F8102FCAB1634653F8182FAF
:107D5000AAB1634653F8202F8AB1634653F8282FFF
:107D60006AB1634653F8302F4AB15CF8382F002AC5
:107D7000634608BFC3E90010704700BF6346C3E90C
:107D80000010704770B515460E460446FFF708FF11
:107D900094F84400FF2804BF002084F8440094F8BD
:107DA0004500FF2804BF002084F84500FFF71CFFB2
:107DB000A06B28B12046BDE87040FFF735BD00BF7D
:107DC00004F1240031462A4600F092F82046BDE82E
:107DD0007040FFF729BD000070B588B340F29414DD
:107DE000C2F20004616949B14FF0500080F311887C
:107DF000BFF36F8FBFF34F8FFEE700BF6169064689
:107E000001316161A569216804310846FFF74AFE26
:107E10002068AD19456005D3206A21680431FFF759
:107E20007FFE08E0E06921680431FFF779FEE06A2F
:107E3000854238BFE56200F0F1FE002818BF70BD32
:107E40004EF60450CEF200004FF080510160BFF3B7
:107E50004F8FBFF36F8F70BD40F29411C2F20001DB
:107E60008A6B0260896941607047000040F294109B
:107E7000C2F20000012101637047000070B5D8B163
:107E800040F29414C2F200040D4621681831FFF745
:107E900047FEA66920680430FFF704FE681C15D071
:107EA0002068AD19456019D3206A21680431BDE806
:107EB0007040FFF735BE00BF4FF0500080F31188CF
:107EC000BFF36F8FBFF34F8FFEE700BF54F8500B27
:107ED000011D2046BDE87040FFF754BEE0692168EF
:107EE0000431FFF71DFEE06A854238BFE56270BDD0
:107EF000F0B581B0C0B140F29414C2F200040D4656
:107F0000216816461831FFF73DFEA7692068043046
:107F1000FFF7C8FD96B154F8500B011D204601B083
:107F2000BDE8F040FFF72EBE4FF0500080F31188FF
:107F3000BFF36F8FBFF34F8FFEE700BF2068ED19CF
:107F4000456007D3206A2168043101B0BDE8F040E4
:107F5000FFF7E6BDE06921680431FFF7E1FDE06A63
:107F6000854238BFE56201B0F0BD000010B588B0B1
:107F70000020CDE9050006A805A904AAFFF7A4FD85
:107F8000059800283ED0069C002C45D05C21049A20
:107F9000079107995C2949D107992063022084F849
:107FA000590007A80021CDE9001047F2C120C0F612
:107FB000000028A100230294FFF7C6F92046FFF72E
:107FC00039F8079840F29414C2F20004A062B0B1EC
:107FD00000F09CFE411C33D0012810D14FF050001E
:107FE00080F31188BFF36F8FBFF34F8F4FF0FF30D7
:107FF000E062012020610020A06100F09DF808B03F
:1080000010BD00BF4FF0500080F31188BFF36F8F99
:10801000BFF34F8FFEE700BF4FF0500080F3118891
:10802000BFF36F8FBFF34F8FFEE700BF4FF05000DD
:1080300080F31188BFF36F8FBFF34F8FFEE700BF50
:108040004FF0500080F31188BFF36F8FBFF34F8F55
:10805000FEE700BF49444C450000000040F2941088
:10806000C2F20000416901314161704780B540F2C0
:10807000941EC2F2000EDEF8141019B10121CEF8E0
:10808000301080BD0021CEF83010DEF8241040F210
:10809000006C01EB8102C2F2000C5CF82230002B74
:1080A0000CEB82030CD05868426803F1080082424E
:1080B0005A6023D0D068CEF80000CEF8241080BDDE
:1080C000283B19B35A6901EB8100002A0CEB8002AE
:1080D00026D101291AD0186830BB022916D053F8CE
:1080E000140C28BB032911D053F8280C043900289C
:1080F000A3F15003E5D02833D5E700BF52685A609A
:10810000D068CEF80000CEF8241080BD4FF05000AB
:1081100080F31188BFF36F8FBFF34F8FFEE700BF6F
:10812000A2F114030139BEE7A2F128030239BAE72C
:10813000A2F13C030339B6E7B0B584B04EF2004C6F
:10814000CEF2000C9CF800100291FF218CF8001078
:108150009CF800108DF807109DF8071001F05002F0
:1081600040F26821C2F200010A7007224A609DF9BC
:108170000720B2F1FF3F61DC032200BFD31C4B603C
:108180009DF8070040008DF807009DF90700B0F149
:10819000FF3F24DC931C4B609DF8070040008DF8E6
:1081A00007009DF90700B0F1FF3F18DC531C4B603E
:1081B0009DF8070040008DF807009DF90700B0F119
:1081C000FF3F0CDC4A609DF80700043A40008DF840
:1081D00007009DF90700B0F1FF3FCFDD131D032B12
:1081E0002CD14FF44070486002988CF80000DCF805
:1081F000200940F47000CCF82009DCF8200940F098
:108200007040CCF82009FFF777FD40F23C04C2F241
:10821000000400252560FFF719F9FFF727FF0395F4
:1082200020684FF0500181F31188BFF36F8FBFF3C7
:108230004F8F013012D000BFFEE700BF4FF050005B
:1082400080F31188BFF36F8FBFF34F8FFEE700BF3E
:10825000039830B9039820B9039810B903980028FF
:10826000F6D0002004B0B0BD80B54FF0500080F3D0
:108270001188BFF36F8FBFF34F8F00F0CBFB30B18E
:108280004EF60450CEF200004FF080510160002005
:1082900080F3118880BD000070B582B060B1ABB1D1
:1082A000F1B9EAB14FF0500080F31188BFF36F8F3E
:1082B000BFF34F8FFEE700BF4FF0500080F31188EF
:1082C000BFF36F8FBFF34F8FFEE700BF4FF050003B
:1082D00080F31188BFF36F8FBFF34F8FFEE700BFAE
:1082E00051B14AB94FF0500080F31188BFF36F8F3E
:1082F000BFF34F8FFEE700BF50250195019D502D24
:108300002ED1019C069E012483F84640002908BF17
:108310001A461A60C3E90F011C46FFF741FC2068AA
:10832000D4E90F12002502FB0103013901FB020110
:10833000A563C4E90103FF20E16084F8440084F8E8
:10834000450004F11000FFF7DBFB04F12400FFF708
:10835000D7FBFFF749FC204684F84C6002B070BDA3
:108360004FF0500080F31188BFF36F8FBFF34F8F32
:10837000FEE700002DE9F04F83B00292C0B11D4628
:108380000446F9B1022D02D1E06B01285CD11646FA
:108390000F4600F029FB18BB16B34FF0500080F3D6
:1083A0001188BFF36F8FBFF34F8F00BFFEE700BF91
:1083B0004FF0500080F31188BFF36F8FBFF34F8FE2
:1083C000FEE700BF206C0028DCD04FF0500080F3A7
:1083D0001188BFF36F8FBFF34F8F00BFFEE700BF61
:1083E000FFF7DEFBA06B022D65D0E16B884262D304
:1083F0000298002800F018816846FFF72DFDFFF76E
:10840000F3FBFFF72BFEFFF7CBFB94F84400FF28AC
:1084100004BF002084F8440094F84500FF2804BFFE
:10842000002084F84500FFF7DFFB684602A900F052
:1084300021FA98B12046FFF7F7F900F0EFFB002092
:1084400003B0BDE8F08F00BF4FF0500080F31188FB
:10845000BFF36F8FBFF34F8FFEE700BF04F110082B
:10846000FFF79EFBD4F83890E66BFFF7BDFBB145F4
:1084700016D102994046FFF701FD2046FFF7D4F9D7
:1084800000F0CCFB88B94EF60450CEF200004FF05D
:1084900080510160BFF34F8FBFF36F8F05E000BFC6
:1084A0002046FFF7C1F900F0B9FBFFF779FBA06B9D
:1084B000E16B884266D2A66B226CDAB139462DB3E5
:1084C000E068F7F7FDFEE168206C2268091A914226
:1084D000E16003D2A16840420844E060A81EB0FAFF
:1084E00080F040093146002E18BF01210840361A9D
:1084F00018E000BF2068A8B9A06800F00DFB0021BB
:10850000B0FA80F0A16040090DE000BF6068F7F7A5
:10851000D7FED4E90101226C10448842606001D387
:10852000206860600120711CA16354F8241FA9B168
:10853000204600F039FB50B14EF60450CEF2000058
:108540004FF080510160BFF34F8FBFF36F8FFFF784
:108550004BFB012003B0BDE8F08F00BF0028F6D12F
:108560004EF60450CEF200004FF080510160BFF390
:108570004F8FBFF36F8FFFF737FB012003B0BDE8CC
:10858000F08F00BFE94602AE0CE000BF2046FFF7C7
:108590004BF900F043FBFFF703FBA06BE16B884254
:1085A000FFF489AF029800283ED0FFF71DFBFFF7CC
:1085B00055FDFFF7F5FA94F84400FF2804BF0020AA
:1085C00084F8440094F84500FF2804BF002084F894
:1085D0004500FFF709FB4846314600F04BF90028FB
:1085E0007FF428AFFFF7DCFAD4F838A0D4F83CB019
:1085F000FFF7FAFADA45C9D102994046FFF73EFC87
:108600002046FFF711F900F009FB0028C3D14EF610
:108610000450CEF200004FF080510160BFF34F8F45
:10862000BFF36F8FB7E700BFFFF7DEFA002003B09C
:10863000BDE8F08F2DE9F04F83B0029290B115465E
:108640000446002948D00E4600F0CEF9A0B99DB1ED
:108650004FF0500080F31188BFF36F8FBFF34F8F3F
:10866000FEE700BF4FF0500080F31188BFF36F8F1B
:10867000BFF34F8FFEE700BFFFF792FAD4F838A0A0
:10868000BAF1000F36D0226C52B1D4E90231304633
:108690001144E160994224BF2168E160F7F710FEC0
:1086A000AAF10100A06354F8100F70B1204600F049
:1086B0007BFA50B14EF60450CEF200004FF08051DC
:1086C0000160BFF34F8FBFF36F8F0124FFF78CFA68
:1086D000204603B0BDE8F08F206C0028B3D04FF0E7
:1086E000500080F31188BFF36F8FBFF34F8F00BF2F
:1086F000FEE700BF0298002800F0B4806846FFF74C
:10870000ABFBFFF771FAFFF7A9FCFFF749FA94F802
:10871000440004F12408FF2804BF002084F844002A
:1087200094F84500FF2804BF002084F84500FFF7B7
:108730005BFA684602A900F09DF878B12046FFF781
:1087400073F800F06BFAFFF72BFAA56BFFF74CFA02
:108750002DBB0024204603B0BDE8F08FFFF720FAC0
:10876000A56BFFF741FA2DB12046FFF75DF800F049
:1087700055FA14E002994046FFF780FB2046FFF7C8
:1087800053F800F04BFA50B94EF60450CEF2000008
:108790004FF080510160BFF34F8FBFF36F8FFFF732
:1087A000FFF9D4F838A0BAF1000F7FF46CAF4FF0A6
:1087B0000009EB4602AF13E02046FFF735F800F062
:1087C0002DFAFFF7EDF9A56BFFF70EFA002DC0D0DB
:1087D000FFF7E6F9D4F838A0BAF1000F7FF453AFF1
:1087E000029800283ED0FFF7FFF9FFF737FCFFF7AC
:1087F000D7F994F84400FF2808BF84F8449094F80F
:108800004500FF2808BF84F84590FFF7EDF958466A
:10881000394600F02FF80028CED1FFF7C1F9A56B3B
:10882000FFF7E2F935B12046FEF7FEFF00F0F6F95A
:10883000CEE700BF02994046FFF720FB2046FEF737
:10884000F3FF00F0EBF90028C2D14EF60450CEF24F
:1088500000004FF080510160BFF34F8FBFF36F8F67
:10886000B6E700BF0024FFF7BFF9204603B0BDE81C
:10887000F08F0000B0B548B30C4689B30546FFF74A
:108880008FF940F2941CC2F2000CDCF81830226818
:10889000501C2FD0AE4668682D68DCF83810A9420D
:1088A00001D083422ED2181A824229D9101A206090
:1088B000DCF838000024CEF80000DCF81800CEF810
:1088C0000400FFF791F92046B0BD00BF4FF0500003
:1088D00080F31188BFF36F8FBFF34F8FFEE700BFA8
:1088E0004FF0500080F31188BFF36F8FBFF34F8FAD
:1088F000FEE700BF0024FFF777F92046B0BD00BFB8
:10890000002020600124FFF76FF92046B0BD000071
:108910002DE9F04184B007469000984615460E4672
:10892000FEF7BCFFF8B104465C20FEF7B7FFB8B114
:10893000DDE90A210023046380F85930CDE90021E4
:108940000446384631462A4643460294FEF7FCFC6C
:108950002046FEF76FFB012004B0BDE8F08100BFA8
:108960002046FFF759F94FF0FF3004B0BDE8F08121
:1089700070B586B00B9CCCB10C9E0EB35C250495F3
:10898000049D5C2D26D1049DDDF828C0022586F8C3
:10899000595005AD3463CDE900C50296FEF7D4FC0D
:1089A0003046FEF747FB059806B070BD4FF050000B
:1089B00080F31188BFF36F8FBFF34F8FFEE700BFC7
:1089C0004FF0500080F31188BFF36F8FBFF34F8FCC
:1089D000FEE700BF4FF0500080F31188BFF36F8FA8
:1089E000BFF34F8FFEE7000040F29410C2F2000088
:1089F000016900290FBF01204069B0FA80F04009E9
:108A000018BF40007047000040F29410C2F200000E
:108A1000806970472DE9F04381B040F29416C2F2AC
:108A20000006706940B1706B00240130706320460D
:108A300001B0BDE8F08300BFB06910F10109C6F8CC
:108A4000189020D3F069006850B14FF0500080F3C7
:108A50001188BFF36F8FBFF34F8F00BFFEE700BFDA
:108A6000F069316AF1613062B06B0130B063F06976
:108A7000006828B1F069C068C068406802E000BFC3
:108A80004FF0FF30F062F06A40F200688145C2F2B8
:108A9000000801D200242EE0F0690024006813E0F1
:108AA000F86A716A884288BF706200EB800008EB48
:108AB00080002946FFF766F8F86A3168C96AF269EA
:108AC000884228BF0124106890B1F069C068C76867
:108AD0003D4655F8040F81450CD32846FEF7E2FFCA
:108AE000B86A0028DCD007F11800FEF7DBFFD7E7F3
:108AF0004FF0FF30F0623068C06A00EB800058F839
:108B00002000012888BF0124306B002818BF0124F1
:108B1000204601B0BDE8F08370B588B140F29415ED
:108B2000C2F20005296888420CD04FF0500080F353
:108B30001188BFF36F8FBFF34F8F00BFFEE700BFF9
:108B4000002070BD016D29B3013901654FF00001AE
:108B50001DD1C26AC36C9A4219D0041D0646204634
:108B6000FEF7A0FFF06CC0F13801F062B161696AF4
:108B7000884240F2006188BF686200EB8000C2F268
:108B8000000101EB80002146FEF7FCFF01210846B1
:108B900070BD00BF4FF0500080F31188BFF36F8F9E
:108BA000BFF34F8FFEE7000070B5C068C5686DB1B8
:108BB00005F118042046FEF775FF40F29416C2F244
:108BC0000006706960B106F164001AE04FF05000D1
:108BD00080F31188BFF36F8FBFF34F8FFEE700BFA5
:108BE0002C1D2046FEF75EFFE86A716A884240F25B
:108BF000006188BF706200EB8000C2F2000101EBEF
:108C000080002146FEF7BEFFE86A3168C96A8842E3
:108C100092BF00200120306370BD00002DE9F041BB
:108C200040F29415C2F20005686968B1FEF7B8FF1A
:108C3000686901386861686980B10024FEF7D4FF73
:108C40002046BDE8F08100BF4FF0500080F311884E
:108C5000BFF36F8FBFF34F8FFEE700BFE8680028B8
:108C6000EBD0686E88B340F20066C2F200064FF0A7
:108C7000010800BF286FC76807F11800FEF712FF50
:108C80003C1D2046FEF70EFFF86A696A884288BFDD
:108C9000686200EB800006EB80002146FEF772FF61
:108CA000F86A2968C96A884228BFC5F83080686EAA
:108CB0000028DFD1E869006820B1E869C068C068B1
:108CC000406801E04FF0FF30E8626C6B4CB1012668
:108CD000FFF7A0FE002818BF2E63013CF8D100204A
:108CE0006863286B0028A8D04EF60450CEF200002E
:108CF0004FF080510160BFF34F8F0124BFF36F8F9E
:108D0000FEF772FF2046BDE8F081000070B586B026
:108D1000FEF746FF40F20C26C2F20006306808BBA0
:108D200006F114042046FEF7EBFE06F1280528465E
:108D3000FEF7E6FE40F2105240F2B053C6E902459B
:108D40000025C2F20002C2F200030A2010210095A1
:108D5000FFF7A2FA306028B14BF25361C0F6000170
:108D6000FEF7E4FFFEF740FF3068D8B10020CDE900
:108D7000040005A804A903AAFEF7B4FEDDE9032058
:108D80000221059DCDE9001047F2AD40C0F600007C
:108D900009A100230295FFF7EBFD706010B10120DF
:108DA00006B070BD4FF0500080F31188BFF36F8F95
:108DB000BFF34F8FFEE700BF546D72205376630000
:108DC000490050EAC12018BF04204A0D18BF40F0E6
:108DD000010040F2FF72B2EB515F08BF40F00200A9
:108DE000012808BF052070472DE9F0414F1E00EB18
:108DF000C7010446D1E9000115461E4637F00602B8
:108E00000DD02A46334600F019FE7F1E04EBC7033F
:108E1000D3E9002300F0BEFB37F00602F1D1022FA8
:108E200025D0042F13D0062F18BFBDE8F0812A46A5
:108E3000334600F003FED4E90A2300F0ABFB2A46D8
:108E4000334600F0FBFDD4E9082300F0A3FB2A46DB
:108E5000334600F0F3FDD4E9062300F09BFB2A46DD
:108E6000334600F0EBFDD4E9042300F093FB2A46DF
:108E7000334600F0E3FDD4E9022300F08BFB2A46E1
:108E8000334600F0DBFDD4E90023BDE8F04100F0FB
:108E900081BB012201F08DBC00F07CBB0022134697
:108EA0001046114600F032BC024A0020110701F0C2
:108EB00080BC000001FDFFFF2DE9F04D8D4F21F03A
:108EC000004A86B005460C46BA452ADBAAEB0700E5
:108ED00028430AD08848824501DC1AD1CDB106B0BA
:108EE0002846BDE8F04DFFF7D4BF844A844B28469E
:108EF00000F0A4FD07460E46824A834B28462146D1
:108F000000F09CFD06B03A463346BDE8F04D00F057
:108F100041BB0120F7F7C8FA06B0BDE8F04DFFF7F6
:108F2000BDBF7A48824542DABAF1795F0BDA28464A
:108F3000FFF746FF042808BFFFF7B6FF284606B034
:108F40002146BDE8F08D2A460B46104600F076FD1E
:108F5000834602466E480E460B4606217844FFF7CC
:108F600043FF5A46334600F069FD804669488A4609
:108F70005A46334604217844FFF736FF5A463346B3
:108F800000F05CFD00223B4600F004FB02460B466D
:108F90004046514600F0BAFB2A46234600F04EFDFB
:108FA00006B02A462346BDE8F04D00F0F3BA284645
:108FB00024F0004100223D463B4600F03DFE4FF0CC
:108FC000FF3201F0F6FB0646024653480F460B46B9
:108FD00006217844FFF708FF32463B4600F02EFD9D
:108FE000CDE900014D4832463B4604217844FFF765
:108FF000FBFE32463B4600F021FD00222B4600F0EE
:10900000C9FA834602913046394600F06BFA804631
:1090100043480D46504517DCDDE900015A46029BE6
:1090200000F074FB42462B4600F008FD42462B46FA
:1090300000F0B0FA012201F0BCFB304A304B00F0E6
:10904000EDFE304A304B4CE04FF0000A52460B46E2
:10905000404600F09FFACDE9031052462B461046D9
:10906000194600F0EBFC32463B4600F0E5FDDDE939
:10907000033200F04BFB06460F46DDE900015A467D
:10908000029B00F043FB83460091012230463946A3
:1090900001F08FFB194A1A4B00F0CEFD06460F4631
:1090A00001224046294601F084FB5A46009B00F00D
:1090B000C5FC32463B4600F0B1FE06460F46012293
:1090C0005046294601F075FB0E4DDFF858802A46C0
:1090D000434600F0B1FD32463B4600F0ADFD2A4666
:1090E000434600F0A9FD002CD8BF81F0004106B036
:1090F000BDE8F08D0000F03F0000F07F075C143306
:1091000026A6913C182D4454FB21F93F0000E03F76
:10911000E0180000F61800006A180000801800002F
:109120003333EF3FFB21E93F2DE9F84F04460D466D
:1091300021F0004000917349814211DC724988425C
:1091400001DC06D12CB120462946BDE8F84FFFF7D7
:10915000A0BE6E48002DCCBF6D496E49BDE8F88FAA
:109160006D49814211DD6D498142D8BF4FF0FF3614
:109170006DDD20462946FFF723FE042808BFFFF7D0
:1091800093FE20462946BDE8F88F6549654F25F0D6
:109190000045814233DD6449814219DD00263246B3
:1091A0004FF080432046294600F0F4F980468A4675
:1091B00001222046294601F0FCFA00223B4600F03D
:1091C0002DFE4246534600F0A1FA04460D463EE00D
:1091D00001260022BA463B462046294600F0DAF92D
:1091E00080460F46002253462046294600F016FED0
:1091F00042463B4600F08AFA04460D4627E04B49BA
:1092000081421BDDDFF828A10226002253462046BA
:10921000294600F013FC00223B4600F0BBF98046D3
:109220000F46002253462046294600F0F7FD4246ED
:109230003B4600F06BFA04460D4608E00326224642
:109240002B4600203B4900F061FA04460D462246B9
:109250002B461046194600F0F1FB8B46824602462B
:109260000B4600F0EBFB07460246334888460B46A8
:1092700006217844FFF7B8FD52465B4600F0DEFB5E
:1092800082462E488B463A46434605217844FFF7EE
:10929000ABFD3A46434600F0D1FB02460B46002E9A
:1092A000504659460CDA00F075F922462B4600F07C
:1092B000C5FB01B022462B46BDE8F04F00F0BCBC18
:1092C00000F068F922462B4600F0B8FB1C4A7A44AD
:1092D00002EBC603D3E9002300F0A0FD22462B4693
:1092E00000F09CFD174A7A4402EBC603D3E9002341
:1092F00000F0A2FC009A002AB8BF81F00041BDE84E
:10930000F88F0000000010440000F07F182D445436
:10931000FB21F93FFB21F9BF0000DC3F0000203EAC
:109320000000F33F0000F03F0000E63F00800340F4
:109330000000F83F0000F0BF821600004016000059
:10934000DE150000A61500002DE9F04D9446CCF185
:10935000000423F000464CEA0404594F46EAD47452
:109360009A46884621F00042BC4206D8454240EA6F
:10937000050442EAD474BC4204D9BDE8F04D62460B
:10938000FFF78ABDAAF14055A5F17F6555EA0C04A7
:109390000BD0022404EAAA744A4DDFF82CE144EA17
:1093A000D87452EA000B04D00CE0BDE8F04DFFF792
:1093B000BBBE002C14BF012CBDE8F08D022C30D0B8
:1093C000032C32D056EA0C0B0AD0BE4220D1BA424E
:1093D00009D126F0804622F080423346114617E03C
:1093E00000291ADB25E0DFF8E4B0FB44002C04BFC1
:1093F000DBE90001BDE8F08D012C02BFDBE90001D3
:1094000081F00041BDE8F08D022C0AD0032C0CD075
:10941000BA4212D1B8F1000F0BDA2A482C49BDE844
:10942000F08D28462B49BDE8F08D28467146BDE8F1
:10943000F08D24482849BDE8F08D921B12153C2A76
:10944000C4BF204F244E10DCBAF1000FBEBF12F192
:109450003C0F00273E4608DB624600F057F921F03A
:109460000041FFF761FE07460E4694B1012C08BF8C
:1094700086F000460DD0194A194B022C3846314669
:1094800015D000F0CBFC2A46BDE8F04D114B00F0A2
:10949000C5BC002213463846314600F093FA04BF9B
:1094A0000220F7F701F838463146BDE8F08D00F0AC
:1094B000B5FC2A46BDE8F04D064B00F0BDBB0000F0
:1094C0000000F07F182D4454FB2109C03A1500001C
:1094D000FB21F9BFFB210940FB21F93F075C143355
:1094E00026A6A13C2DE9F04106460F4600F0B0FB50
:1094F000041E0D4618BF0120284320F00040C0F193
:109500007F6000F1E040C00F0ED0301C18BF01207A
:10951000384320F00040C0F17F6000F1E040C00F10
:1095200004BF0120F6F7C0FF20462946BDE8F081C0
:1095300021F0004201F00043A2F16052B2F5801F19
:1095400028BFD2F17F6C0BD95FEA001C43EAC2024C
:1095500042EB507018BF704728BF20F001007047E1
:10956000B2F5801FBCBF184670474FEA410C1CF58E
:10957000001F02D2084601F070B870B500F008FB79
:1095800000000089FFF7F6BF4FF00040A0F5800013
:109590007047000010B591EA030F48BF83F0004305
:1095A00000F14484841A71EB030C05D2121943EBC9
:1095B0000C03001B61EB0C014FEA1154A4EB135C8C
:1095C000DFF81CE11EEA430F18BF9EEA445F00F07B
:1095D000748021EA045123EA0E0343F48013DCF182
:1095E000200E32D322FA0CFE10EB0E0023FA0CFEF2
:1095F00041EB0E01CCF1200E03FA0EFE10EB0E0033
:10960000CCF1200E51F10001B1F5801F32D201EBF7
:10961000045112FA0EF2BDE8104058BF7047401CCA
:1096200038BF5FEA420218BF7047002814BF20F01D
:10963000010041F100014FEA410313F5001F38BF5B
:109640007047A1F1C04100F0F1BA012A43EB0302D7
:10965000ACF1200CDCF11F0E32BF4FF0000E23FAEC
:109660000CF310EB030041EB0451B4EB115FD0D0CD
:10967000A1EB045101F58011490801EB04515FEAA7
:1096800030000ED350F1000038BF12FA0EFE08D1A0
:10969000BDE81040C9E7401C38BF5FEA4202CAD1AA
:1096A000C3E7BDE810404FEA410313F5001F38BF80
:1096B0007047A1F1C04100F0B9BA9EEA445F08D0FA
:1096C00011EA5E0FBDE8104004BF01F00041002028
:1096D0007047BDE8104070B500F05AFA64FBBE3E1A
:1096E0000000E0FF02494FF0000001F030B800BF79
:1096F0000000F87F491058BFC1F140415B1058BFCE
:10970000C3F140438B42EFF3008070472DE9C04125
:1097100030B4DFF8A8C23CEA111418BF3CEA1314B5
:1097200000F0F0801CEA111481EA030544EAD574C4
:1097300018BF1CEA131500F0CB80A4EB050404F15C
:109740007F7404F500344FF0004545EAC12145EA35
:10975000C32341EA505143EA52534FEAC0204FEA33
:10976000C222994208BF904200F0A0804FEA1365E0
:109770000FF24816765D4FEA134506FB05F7C7F171
:10978000807706FB07F74FEAD737A7FB03687642D7
:10979000A7FB06CEC8F5803838BFA8F1010807FB43
:1097A00008E6A6FB028C4FF0000EE6FB03CED8F1D4
:1097B00000086FEA0C0C5CF1000C6FEA0E0E4EF123
:1097C000004EA6FB0C584FF00007E6FB0E87A1FBEE
:1097D00008C6A0FB07CE16EB0E064FF0000545F1BC
:1097E0000005E1FB076515F1E04E7EBFA4F580346E
:1097F0005FEA46066D4116F1800745F100054FEA24
:10980000172747EA05674FEA15254FEA0666A6F1CE
:10981000DE46B6F1805F20D9384605EBC47124F0EE
:10982000010C01EB0C11BCF1FE6F02D8F0BCBDE8DD
:10983000008124425CBF01F5801E9EEAC47F02D4F1
:10984000F0BCBDE80081244200F13980A1F1C041A3
:10985000F0BCBDE8004100F0E9B94FEAD02040EA91
:1098600041504FEAD1214FEAD22242EA43524FEA15
:10987000D323A7FB028607FB036605FB02661EEAED
:109880000E0F58BFA6EB0056B6EB00564FEA520E2D
:109890004EEAC37E18EB0E0E56EB530EBCD518EBFA
:1098A00002085E417F1C55F10005B5E74FF48015B5
:1098B0004FF000074FF000064FF00008ACE701F151
:1098C000C04101F000414FF00000F0BCBDE8008154
:1098D0000CEA131511EA0C1F00D00CE013EA0C1F60
:1098E00000F025804FF0000081EA030101F0004103
:1098F000F0BCBDE80081F0BCBDE8004181EA030195
:1099000000F094B9F0BCBDE8004170B500F040F93A
:10991000097EFC3E00F007B84FF0000081EA030129
:1099200001F00041704781EA030100F07FB9F0BC0B
:10993000BDE8004122494FF000007047FFFDFBF9F0
:10994000F7F5F4F2F0EEEDEBE9E8E6E4E3E1E0DE72
:10995000DDDBDAD8D7D5D4D3D1D0CFCDCCCBCAC8E4
:10996000C7C6C5C4C2C1C0BFBEBDBCBBBAB9B8B70B
:10997000B6B5B4B3B2B1B0AFAEADACABAAA9A8A8FE
:10998000A7A6A5A4A3A3A2A1A09F9F9E9D9C9C9BCC
:109990009A99999897979695959493939291919077
:1099A0008F8F8E8E8D8C8C8B8B8A89898888878708
:1099B0008685858484838382828181800000FF077D
:1099C0000000F87F51EA030C17D41CF5801F58BF24
:1099D000BCF5801F00F10680994218BF704708BF90
:1099E0009042704707D711F5801F58BF13F5801FAD
:1099F00019D499427047894270471CF5801F08D5D9
:109A0000BCF5801FF7D58B4218BF704708BF824254
:109A100070474FF4001C1CEB410F38BF1CEB430F89
:109A200001D28B42704770B500F0B2F89224490021
:109A30004FF000514FF08053FFF75CBE70B5DFF878
:109A400048C11CEA111E1EBF1CEA13159EEA0C0F2A
:109A500095EA0C0F00F06F8081EA03044EEAD47E91
:109A6000AE4421EA4C1123EA4C1341F4801143F433
:109A70008013AEF17F7EA1FB024CA0FB036536197B
:109A800055EB0C05A1FB034C4CF10003A0FB021CA1
:109A900016EB0C06654153F10003094218BF46F06E
:109AA000010613F4007F0BD14FEA03314FEA053072
:109AB00041EA155140EA165034036FF003020AE000
:109AC0004FEAC3214FEAC52041EA555140EA5650BA
:109AD000F4026FF0020202EB2E4201EB025585EA1E
:109AE000CE710AD05FEA440C18BF24F0004450F154
:109AF000000041F1000120EAD47040F2FE7C624592
:109B000000D270BDA84214BF4FF080444FF04044D3
:109B1000002E08BF0024BEF1806FA8BFA1F1C04194
:109B2000BDE8704080F2828001F1C04101F0004147
:109B30004FF0000070470CEA13159EEA0C0F18BF97
:109B400095EA0C0F06D081EA030E4FF000000EF0EC
:109B5000004170BD00F01CF88900013E00F007B81C
:109B600000F009B84FEA430C5FEA5C5C08D081EA78
:109B7000030100F05BB84FEA410C5FEA5C5CF6D190
:109B800002494FF0000070470000FF070000F87F17
:109B90000EF1020E2EF0030E5EF8046B364205D471
:109BA000012A43EB030515F5001F12D8012841EBEC
:109BB000010C1CF5001F0CD80ED14FEAD17C0CEB28
:109BC0004C0C0CF1020C15F5001F08BF4CEBD37CBC
:109BD00004E04FF0080C01E04FEAD37C0CEB4C059D
:109BE00026FA05F606F00706B6F1040C06D20EEBCF
:109BF000860CBDE870404CF0010C6047DFE80CF0CB
:109C0000090B02024FF00041A1F500214FF00000C6
:109C100070BD19461046012851EB010418BFD4F558
:109C2000001484BF002001F0004170BD0808A0F5B9
:109C300000114FEA3101704710B591EA030F81F02E
:109C400000413FF5AFAC83F0004300F0EFB80000F7
:109C50002DE9F04101F5801CBCF5001FC0F2C38066
:109C60004FEA115C21EA0C5141F480110CF1FD0C1A
:109C70005FEA5C0C0CF5C07C01D3400049418902CD
:109C800041EA905187023BA48E0EA45D0A0C04FBAE
:109C900004F602FB06F6C6F14046A4FB0662F60D8A
:109CA00046EA422606FB06F4A4FB01235242C3F116
:109CB000404338BF5B1EA6FB02420024E6FB0324A0
:109CC000D20B42EA4446A6FB0623A1FB02E2A3FB19
:109CD00007E4A4184FF0000252F10002E3FB014236
:109CE0006442C2F1404E38BFAEF1010EA6FB042320
:109CF0004FF00002E6FB0E32A2FB0346B6194FF00E
:109D0000000454F10004E2FB0264A1FB06E6A4FB9C
:109D100007E816EB08064FF0000858F10008E4FBCE
:109D200001687642C8F1405838BFA8F10108A2FB8B
:109D300006E4A3FB08E52D194FF0000454F10004DC
:109D4000E2FB0854A1FB05E6A7FB04E818EB0608B4
:109D50004FF0000656F10006E1FB048618F12005DD
:109D600056F10006A80940EA8660B109A8F11B086F
:109D700008F03F08B8F10A0F1CD901EB0C51BDE8FF
:109D8000F08100BFFCF5EEE8E2DDD8D3CFCBC7C34E
:109D9000C0BDB9B6B4B1AEACA9A7A5A3A19F9D9B08
:109DA0009A9896959392908F8D8C8B8988878685CB
:109DB00084838281A0FB006800FB01F208EB42086B
:109DC000B8EB872807D5341858EB0104D5D5401CCB
:109DD00051F10001D1E7341A78EB0104CDD4401ED3
:109DE00071F10001C9E75FEA4C0C5FEA9C5C0DD1A0
:109DF00005D301F000414FF00000BDE8F081BDE85F
:109E0000F04170B5FFF7C4FE6DDBFFBEBDE8F04169
:109E100001494FF0000070470000F87F10B591EA4B
:109E2000030F48BF83F000433FF5BCAB841A71EBCE
:109E3000030C07D28CF0004C121943EB0C03001BEF
:109E400061EB0C014FEA1154A4EB135CDFF8A4E1C1
:109E50001EEA430F18BF9EEA445F00F0B48021EA77
:109E6000045123EA6E035242C3EB6E0338BF5B1EFC
:109E7000DCF1200E25D322FA0CFE10EB0E0043FA83
:109E80000CFE41EB0E01CCF1200E03FA0EFE10EB9E
:109E90000E00CCF1200E51F1000129D401EB045148
:109EA00012FA0EF2BDE8104058BF7047401C1CBFAC
:109EB000B2F1004F704700280CBF491C20F0010090
:109EC000704712EB020E43EB030218BF4FF0010E76
:109ED0004EEA4202ACF1200CDCF11E0E56D943FAD8
:109EE0000CFE10EB0E00CCF11E0E51F1FF31D5D55A
:109EF0000EF1010E12FA0EFE404141EB010101EBA1
:109F0000445C5FEA5C5C10D901EB045110EBDE703D
:109F100038BFBEF1004FBDE8104018BF70470028A1
:109F20000CBF491C20F00100704734D24FEAD42CFA
:109F300024F4006411F500111BD0B1FA81F20B3A40
:109F4000A41AA41ED2F12003914030FA03F319435E
:109F5000904001EBCC7101EB0451002CBDE81040A6
:109F6000A8BF704701F1C04101F000414FF000006F
:109F70007047B0FA80F310FA03F102D1BDE8104047
:109F80007047E41A173C4805C90AE2E701EB04519F
:109F9000BDE81040704749104FEA300001EB045112
:109FA000BDE8104002E04FF0000170474A0008BFD2
:109FB0000042F8D0B2F5001F28BF704701F0004101
:109FC0004FF0000070479EEA445F07D011EA5E0F31
:109FD000BDE8104004BF002100207047BDE81040DC
:109FE00070B5FFF7D5FD00BF40DFF63E104683F0A9
:109FF000004170470000E0FF43004FEAD30C4FEAF6
:10A000003C0C43401FBF40070CF1605113F0FE4F62
:10A0100070471CF0006F03D10CF000410020704726
:10A020000CF0004343EA507040EACC0010B500F059
:10A03000CEFA00BF000000924FEA0001FFF7F6BD24
:10A040004FF00041A1F500214FF0000070470000E3
:10A0500090EA010F48BF81F0004100F10A83421AE3
:10A060003CBF801A89184FEAD052A2EBD1534FF06F
:10A070007F4C1CEA410F18BF9CEA026F00F03B8046
:10A080004FF0004C4CEA00204CEA012121FA03FC7D
:10A0900010EB0C0C1ED202F1FF325FEA1C2040EBE9
:10A0A000C25038BF70471CF07F0F4FEA400C18BFFA
:10A0B000BCF17F4F38BF7047C3F12003994008BF00
:10A0C00020F00100BCF17F4F38BF7047A0F1C040C5
:10A0D00000F0C3BA4FEA3C00000A40EBC25028BF70
:10A0E0001CF0FF0F4FEA400CE6D018BFBCF17F4FC9
:10A0F00038BF7047EAE79CEA026F05D010EA5C0FB0
:10A1000008BF00F00040704710B500F060FA00BFD3
:10A1100064FBBE3E10B500F0F5F80CBF0120002036
:10A1200010BD10B500F0EEF814BF0120002010BDE6
:10A1300010B500F063F98CBF0120002010BD10B5F0
:10A1400000F05CF92CBF0120002010BD10B500F01C
:10A1500089F994BF0120002010BD10B500F082F9EC
:10A1600034BF0120002010BD401058BFC0F1404056
:10A17000491058BFC1F140418142EFF30080704760
:10A180004FF47F0C1CEAD0121EBF1CEAD11392EAD6
:10A190000C0F93EA0C0F00F0858090EA010F48BF86
:10A1A00042F4807240F4000C41F400002CF07F4136
:10A1B00020F07F4000B5A2EB030281420FF2081CA1
:10A1C000ACEB504E9EF800E0C0F100004FEA4E0E9E
:10A1D00000FB0EFC38BF49004FEA2C1C0CFB0EF3B1
:10A1E0004FEACE1E0EEB635E4FEA112C0EFB0CFC09
:10A1F0004FEAC1214FEA1C5300FB031102F5FA029A
:10A200004FEA112C0EFB0CFC4FEA01314FEADC4CFB
:10A2100000FB0C1142EB2242C14228BF09184CEB53
:10A2200003335DF804EB10EB410143EBC250B2F590
:10A230007C0F38BF704729D512F0F00F1CBF00F11A
:10A24000C04000F00040704700818283848586878B
:10A2500088898B8C8D8E8F919293959697999A9CE5
:10A260009D9FA0A2A3A5A7A8AAACAEB0B2B3B5B754
:10A27000B9BCBEC0C2C5C7C9CCCED1D4D7D9DCDF2A
:10A28000E2E6E9ECF0F3F7FAFE0000004FEA400CDA
:10A290000CF1807CBCF17E4F28BF7047B0F1C0400C
:10A2A00000F0DBB90CEAD11390EA010F48BF42F489
:10A2B0008072624538BF634507D213F47F0F16D012
:10A2C00080EA010000F00040704710B500F07FF90F
:10A2D000097EFC3E00F005B880EA010000F0004075
:10A2E000704780EA010000F0004000F0B6B912F4B7
:10A2F0007F0F04BF0248704780EA010000F0ADB94B
:10A300000000C07F50EA010C00F113801CF5000F23
:10A3100058BFBCF5000F01D48842704707D710F52D
:10A32000000F58BF11F5000F15D4884270478942BD
:10A3300070471CF5000F04D5BCF5000FF7D581421E
:10A3400070474FF0807C1CEB400F38BF1CEB410F77
:10A3500001D28142704710B500F039F992244900CA
:10A360004FF000504FF08051FFF7FEBE41000B0E42
:10A37000D3F19E0208D950F400034FEA032323FAD5
:10A3800002F048BF4042704710B500F020F900BF0E
:10A3900049922480002070476FF0004282EA20003A
:10A3A0007047000010F0004148BF4042B0FA80F30F
:10A3B00010FA03F2C3F19D030BD051EAC35101EB34
:10A3C0001220530638BF704700F1010008BF20F08B
:10A3D00001007047B0FA80F310FA03F2C3F19D0355
:10A3E0000AD0D90501EB1220530638BF704700F19F
:10A3F000010008BF20F001007047000050EA010C86
:10A4000000F113801CF5000F58BFBCF5000F01D4FC
:10A410008842704707D710F5000F58BF11F5000F9D
:10A4200015D488427047894270471CF5000F04D547
:10A43000BCF5000FF7D5814270474FF0807C1CEBD4
:10A44000400F38BF1CEB410F01D28142704710B55D
:10A4500000F0BDF8922449004FF080504FF00051B9
:10A46000FFF782BE50EA010C00F113801CF5000FCB
:10A4700058BFBCF5000F01D48842704707D710F5CC
:10A48000000F58BF11F5000F15D48842704789425C
:10A4900070471CF5000F04D5BCF5000FF7D58142BD
:10A4A00070474FF0807C1CEB400F38BF1CEB410F16
:10A4B00001D28142704710B500F089F8922449001A
:10A4C0004FF000504FF08051FFF74EBE4FF47F0C1D
:10A4D0001CEAD0121EBF1CEAD11392EA0C0F93EAB9
:10A4E0000C0F00F0478090EA010F48BF42F48072E1
:10A4F0004FF0004C4CEA00204CEA012102EB030231
:10A50000A0FB0113A2F50002002918BF43F00103CC
:10A510005B0028BF4FEA330342EB22425FEA132C71
:10A520004CEBC2502EBFBCEB436FB2F57C0F7047B3
:10A530004FEA036CBCF1004F08BF20F00100B2F5F8
:10A540007C0F38BF70470BD582F0FF0212F5803FB9
:10A55000C8BF704700F1C040D8BF00F0004070474E
:10A5600000F5000C5FEA4C0C48BF7047B0F1C040EA
:10A5700000F073B80CEAD11390EA010F48BF42F41F
:10A580008072624538BF634504D280EA010000F062
:10A590000040704710B500F01AF800BF8900013E76
:10A5A00000F007B800F009B85FEA410C5FEA1C6CE4
:10A5B00008D080EA010000F050B85FEA400C5FEA82
:10A5C0001C6CF6D14FF00040A0F5800070470EF1F2
:10A5D000020E2EF0030E5EF8044B244204D44FEA20
:10A5E0004102B2F17F4F11D84FEA4003B3F17F4FE0
:10A5F0000CD80ED14FEAD07C0CEB4C0C0CF1020CB9
:10A60000B2F17F4F08BF4CEBD17C04E04FF0080C57
:10A6100001E04FEAD17C0CEB4C0324FA03F404F084
:10A620000704B4F1040C06D20EEB840CBDE8104014
:10A630004CF0010C6047DFE80CF0070802024FF015
:10A640000040A0F5800010BD0846420018BFD2F1BE
:10A65000807288BF00F0004010BDFF2141EAD05059
:10A66000C005704790EA010F48BF81F000413FF5F7
:10A67000F6AC421A04D882F00042A0EB020011446A
:10A680004FEAD052A2EBD1534FF07F4C1CEA410F5E
:10A6900018BF9CEA026F4AD04FF0004C4CEA0020F1
:10A6A0004CEA012121FA03FCB0EB0C0C0FD412F0A0
:10A6B000FE0F36D05FEA4C001DD5001240EBC250B1
:10A6C00038BF70471CF03F0F18BF70470BE05FEAC0
:10A6D0001C20A2F1010240EBC25038BF70471CF0B1
:10A6E0007F0F18BF7047C3F12003994014BF401E6D
:10A6F00020F0010070474FEA1223800808BF70471E
:10A70000B0FA80FCA2EB0C02CCF1280C60FA0CF041
:10A7100093EA122F04BF00EBC25070474FEAC37098
:10A720007047130A5FEADC1008BF7047F6E79CEA3F
:10A73000026F04D010EA5C0F08BF0020704710B50C
:10A74000FFF745FF40DFF63E81F0004070470CF018
:10A750000F03092B08BF082000F059800A2B0BD0EB
:10A76000082B18BF704708BF1CF0400F0AD04FF0ED
:10A7700000004FF0000170471CF0400F18BF4FF071
:10A78000004070471CF0100F08D000F07F4220F00E
:10A79000704342EAD3014FEA4370704700F06040D3
:10A7A00021F07F4242EA000201F07F4040EA7270ED
:10A7B00070474FF0FF0C4CF4E06C1CEA11531CBFC7
:10A7C0009CEA030C9445C2BFDA4201EB0251704788
:10A7D000002B0DD0BCF1000F0FD001F00041002A7A
:10A7E000A4BF41F0E04141F07F614FF000007047AD
:10A7F00001F000414FF00000704750EA01334FF084
:10A800009B0C18BF4CF0806C7EF46CAF70471CF44E
:10A81000801F11D01CF4E02F03D06FEACC31490027
:10A8200070474FF04050EFF3008222F0704242EA4E
:10A83000000282F3008870474FF00000704700006C
:10A84000555555555555C53F7D6FEB0312D6D4BFB1
:10A850005544880E55C1C93F3B8F68B52882A4BFB7
:10A8600088B20175E0EF493F09F7FD0DE13D023F78
:10A870004B2D8A1C273A03C0C88A599CE52A004000
:10A8800059018D1B6C06E6BF82922EB1C5B8B33F4D
:10A890004FBB610567ACDD3F182D4454FB21E93FF8
:10A8A0009BF681D20B73EF3F182D4454FB21F93FE7
:10A8B000E2652F227F2B7A3C075C143326A6813C6D
:10A8C000BDCBF07A8807703C075C143326A6913C18
:10A8D000C4EB98999999C9BF711623FEC671BCBF84
:10A8E0006D9A74AFF2B0B3BF9AFDDE522DDEADBFEC
:10A8F0002F6C6A2C44B4A2BF0D5555555555D53F04
:10A90000FF8300922449C23F6E204CC5CD45B73F1E
:10A91000513DD0A0660DB13FEB0D76244B7BA93F96
:10A9200011DA22E33AAD903F000000000000000081
:10A930000CC92C4CCD6C000000000000000001028E
:10A9400003040607080900000000010203040000D8
:10A950003BB60008000000000000000000000000FE
:10A96000000000003002000028000000000000008D
:10A9700000000000010200002CB6000800000000EA
:10A980000000000000000000000000008002000045
:10A9900030000000000000000000000034B6000895
:10A9A00000000000000000000000000000000000A7
:10A9B0000002000020000000000000000000000075
:10A9C00002030405060708090A0B0C0D0E0F1010F0
:10A9D000FA00F401E803D007000800100000001896
:10A9E000000100020000000347B60008000000005C
:10A9F0000000000000000000000000000002000055
:10AA000018000000000000000000000000007000BE
:10AA10000000002400000002000300000065005454
:10AA2000FFEF0000FA80000B12820001030C30C31C
:10AA30000E8C8CE914D5400213710F8E3883F88385
:10AA40003000F883258EF8833000F883FFFFFFFF86
:10AA50000FFEA9D6240004001A8279A10000003C50
:10AA6000FFFF00000010000038836FA2003E03309B
:10AA70004000000002CAE3093E8000002000000000
:10AA8000000000004000000060000000000C00001A
:10AA9000000C186E000006920A16C0DFFFFF025677
:10AAA000FD8CD377FFE1C496E0C5BEAA000000008C
:10AAB000FFFF0B2B00001657000003594000000059
:10AAC00000001DFA00026C1D000000003FFFDFEBDC
:10AAD000003EB3B6000D227800002F3C00000000BD
:10AAE000001942B5000039A20000B365D90E9FC914
:10AAF0001DCF4C3430000000500000003BB67AE817
:10AB00000064000000C80000000000001000000009
:10AB10001000FA921000225E000D229F000100003A
:10AB200000320000FF46000063D400001000000067
:10AB300004D6000004CC000004CC00000000107219
:10AB400000000040000000000000000000060002BD
:10AB50000005000700000000006400000000000085
:10AB60000000000500050064002000000000000057
:10AB70000000000000004000000003000000003260
:10AB8000F8980000FF650000830F0000FF9BFC00A9
:10AB900000000000000000000000000000000000B5
:10ABA00000000000000000000000000000000000A5
:10ABB0000000000000000000000010004000000045
:10ABC000000000060000B26A000200000001FB83E2
:10ABD0000068000000D9FC007CF1FF830000000049
:10ABE00000650000006403E8006400280000002500
:10ABF0000000000016A0000000001000000010007F
:10AC0000002F0000000001F40000100000280000E8
:10AC1000FFFF4581FFFFFA72000000000000000006
:10AC2000004400050005BAC6004778A200000001F4
:10AC30000000000000000600000000140000254D88
:10AC4000002F706D000005AE000C02D00000000067
:10AC5000000000000000000000000000001B0000D9
:10AC60000000000000000000000000000064000080
:10AC700000080000000000000000000000000000CC
:10AC800000000000000000000000000000000000C4
:10AC900000000000000000000000000000000000B4
:10ACA00000000000000000000000000000000000A4
:10ACB0000000000000000000000000000000000094
:10ACC000000000000000000000000000001B000069
:10ACD0000000000000000000000E000E00000AC787
:10ACE0000004000000000032FFFFFF9C00000B2B5F
:10ACF000000000020000000100000064FFE5000009
:10AD00000000000000000000000000000000000142
:10AD100000000000000100000000000000018000B1
:10AD20000001800000018000002426D30000000004
:10AD300000000000000600100096003C000000002B
:10AD40000000000000000000000000000C0A4E6837
:10AD5000CDCF770950166759C619CE820000000082
:10AD600000000000000000000000000000000000E3
:10AD70000000000017D7840003000000000000005E
:10AD800000000000C7938F9D1E1B1C1900000000CF
:10AD900000000000000000000000000000000000B3
:10ADA00000000000020318850000400000000003BE
:10ADB0000000000300000000000000004000000050
:10ADC0000000000000000000000000000000000083
:10ADD0000000000000000000000000000000000073
:10ADE0000000000000000000000000000000000063
:10ADF000677DDF7E72902E554CF6E68800000000DD
:10AE0000000000000000000000000000D8DCB4B822
:10AE1000B0D8B9ABF3F8FAB3B7BB8E9EAEF132F54A
:10AE20001BF1B4B8B08097F1A9DFDFDFAADFDFDF65
:10AE3000F2AAC5CDC7A90CC92C97F1A989264666E7
:10AE4000B28999A92D557DB0B08AA896365676F16B
:10AE5000BAA3B4B280C0B8A89711B28398BAA3F0CD
:10AE6000240844106418B2B9B49883F1A329557D1D
:10AE7000BAB5B1A38393F0002850F5B2B6AA839374
:10AE800028547CF1B9A3829361BAA2DADEDFDB81B8
:10AE90009AB9AEF5606870F1DABAA2DFD9BAA2FA4F
:10AEA000B9A38292DB31BAA2D9BAA2F8DF85A4D0C5
:10AEB000C1BBAD83C2C5C7B8A2DFDFDFBAA0DFDF89
:10AEC000DFD8D8F1B8AAB38DB4980D355DB2B6BA53
:10AED000AF8C96198F9FA70E161EB49AB8AA872C0E
:10AEE000547CBAA4B08AB691325676B28494A4C87F
:10AEF00008CDD8B8B4B0F19982A82D557D98A80E88
:10AF0000161EA22C547C92A4F02C5078F184A898A0
:10AF1000C4CDFCD80DDBA8FC2DF3D9BAA6F8DABA5B
:10AF2000A6DED8BAB2B68696A6D0F3C841DAA6C8CD
:10AF3000F8D8B0B4B882A892F52C548898F135D9D5
:10AF4000F418D8F1A2D0F8F9A884D9C7DFF8F883AB
:10AF5000C5DADF69DF83C1D8F40114F1A8824EA8F5
:10AF600084F311D182F5D992289788F109F41C1C39
:10AF7000D884A8F3C0F9D1D99782F129F40DD8F378
:10AF8000F9F9D1D982F4C203D8DEDF1AD8F1A2FAD6
:10AF9000F9A88498D9C7DFF8F8F883C7DADF69DF42
:10AFA000F883C3D8F40114F198A8822EA884F31171
:10AFB000D182F5D992509788F109F41CD884A8F36E
:10AFC000C0F8F9D1D99782F149F40DD8F3F9F9D144
:10AFD000D982F4C403D8DEDFD8F1AD8898CCA809B3
:10AFE000F9D98292A8F57CF1883ACF944A6E98DB21
:10AFF0006931DAADF2DEF9D88795A8F221D1DAA568
:10B00000F9F417D9F1AE8ED0C0C3AE82C684C3A8FE
:10B010008595C8A588F2C0F1F4010EF18E9EA8C6F0
:10B020003E56F554F18872F40115F19845856EF598
:10B030008E9E0488F142985A8E9E068869F4011CFF
:10B04000F1981E1108D0F504F11E970202983625DA
:10B05000DBF9D985A5F3C1DA85A5F3DFD88595A8F5
:10B06000F309DAA5FAD88292A8F578F1881A849FB4
:10B0700026889821DAF41DF3D8879F39D1AFD9DF1C
:10B08000DFFBF9F40CF3D8FAD0F8DAF9F9D0DFD90C
:10B09000F9D8F40BD8F3879F39D1AFD9DFDFF41D8E
:10B0A000F3D8FAFCA869F9F9AFD0DADEFAD9F88F4B
:10B0B0009FA8F1CCF398DB45D9AFDFD0F8D8F18F5A
:10B0C0009FA8CAF38809DAAF8FCBF8D8F2AD978D75
:10B0D0000CD9A5DFF9BAA6F3FAF412F2D8950DD17E
:10B0E000D9BAA6F3FADAA5F2C1BAA6F3DFD8F1BA53
:10B0F000B2B68696A6D0CAF349DAA6CBF8D8B0B4D1
:10B10000B8D8AD84F2C0DFF18FCBC3A8B2B68696B3
:10B11000C8C1CBC3F3B0B48898A821DB718D9D71F1
:10B12000859521D9ADF2FAD88597A828D9F408D801
:10B13000F28D29DAF405D9F285A4C2F2D8A88D944B
:10B1400001D1D9F411F2D88721D8F40AD8F2849821
:10B15000A8C801D1D9F411D8F3A4C8BBAFD0F2DE8E
:10B16000F8F8F8F8F8F8F8F8D8F1B8F6B5B9B08A00
:10B1700095A3DE3CA3D9F8D85CA3D9F8D87CA3D991
:10B18000F8D8F8F9D1A5D9DFDAFAD8B18530F7D9EE
:10B19000DED8F830ADDADED8F2B48C99A32D557D27
:10B1A000A083DFDFDFB591A0F629D9FBD8A0FC2969
:10B1B000D9FAD8A0D051D9F8D8FC51D9F9D879D931
:10B1C000FBD8A0D0FC79D9FAD8A1F9F9F9F9F9A0FE
:10B1D000DADFDFDFD8A1F8F8F8F8F8ACDEF8ADDE9A
:10B1E0008393AC2C547CF1A8DFDFDFF69D2CDAA032
:10B1F000DFD9FADB2DF8D8A850DAA0D0DED9D0F804
:10B20000F8F8DB55F8D8A878DAA0D0DFD9D0FAF86A
:10B21000F8F8F8DB7DF8D89CA88CF530DB38D9D06D
:10B22000DEDFA0D0DEDFD8A848DB58D9DFD0DEA033
:10B23000DFD0DED8A868DB70D9DFDFA0DFDFD8F190
:10B24000A888902C547C98A8D05C38D1DAF2AE8CC7
:10B25000DFF9D8B087A8C1C1B188A8C6F9F9DA3634
:10B26000D8A8F9DA36D8A8F9DA36D8A8F9DA36D86B
:10B27000A8F9DA36D8F78D9DADF818DAF2AEDFD836
:10B28000F7ADFA30D9A4DEF9D8F2AEDEFAF983A729
:10B29000D9C3C5C7F1889BA77AADF7DEDFA4F884D0
:10B2A0009408A797F300AEF29819A488C6A39488CF
:10B2B000F632DFF28393DB09D9F2AADFD8D8AEF8F1
:10B2C000F9D1DAF3A4DEA7F1889B7AD8F38494AE9F
:10B2D00019F9DAAAF1DFD8A881C0C3C5C7A3928340
:10B2E000F628ADDED9F8D8A350ADD9F8D8A378ADFB
:10B2F000D9F8D8F8F9D1A1DADEC3C5C7D8A18194AD
:10B30000F818F2B089ACC3C5C7F1D8B8B4B0978605
:10B31000A8319B069907AB9728889BF00C20144016
:10B32000B0B4B8F0A88A9A285078B79BA829517968
:10B33000247059446938644831F1BBAB88002C54FF
:10B340007CF0B38BB8A804285078F1B088B4972665
:10B35000A85998BBABB38B02264666B0B8F08A9C5E
:10B36000A82951798B2951798A2470598B205871D9
:10B370008A4469388B3940688A6448318B30496027
:10B3800088F1AC002C547CF08CA804285078F1880B
:10B390009726A85998AC8C02264666F0899CA82965
:10B3A0005179247059446938644831A98809205971
:10B3B00070AB11384069A8193148608CA83C415CD9
:10B3C000207C00F187981986A86E767EA999882D31
:10B3D000557DD8B1B5B9A3DFDFDFAED0DFAAD0DEAF
:10B3E000F2ABF8F9D9B087C4AAF1DFDFBBAFDFDF7A
:10B3F000B9D8B1F1A3978E60DFB084F2C8F8F9D95B
:10B40000DED89385F14AB183A308B5839A0810B7B3
:10B410009F10D8F1B0BAAEB08AC2B2B68E9EF1FB20
:10B42000D9F41DD8F9D90CF1D8F8F8AD61D9AEFB33
:10B43000D8F40CF1D8F8F8AD19D9AEFBDFD8F41672
:10B44000F1D8F8AD8D61D9F4F4ACF59C9C8DDF2B6F
:10B45000BAB6AEFAF8F40BD8F1AED0F8AD51DAAE18
:10B46000FAF8F1D8B9B1B6A3839C08B9B1839AB5FB
:10B47000AAC0FD3083B79F10B58B93F20202D1AB07
:10B48000DADED8F1B080BAABC0C3B284C1C3D8B1E0
:10B49000B9F38BA391B609B4D9ABDEB0879CB9A33D
:10B4A000DDF1B38B8B8B8B8BB087A3A3A3A3B28B64
:10B4B000B69BF2A3A3A3A3A3A3A3A3A3A3F1B087C3
:10B4C000B59AA3F39BA3A3DCBAACDFB9A3A3A3A350
:10B4D000A3A3A3A3A3A3A3A3A3A3A3A3D8D8D8BB85
:10B4E000B3B7F1AAF9DAFFD9809AAA28B48098A74D
:10B4F00020B79787A86688F07951F1902C870CA720
:10B5000081976293F071716085940129517990A5BA
:10B51000F1284C6C870C95188578A38390284C6C87
:10B52000886CD8F3A28200F210A8921980A2F2D9F6
:10B5300026D8F188A84DD948D896A83980D93CD8C2
:10B540009580A839A68698D92CDA87A72CD8A889FF
:10B550009519A980D938D8A88939A980DA3CD8A802
:10B560002EA83990D90CD8A8953198D90CD8A8090B
:10B57000D9FFD801DAFFD89539A9DA26FFD890A8E3
:10B580000D8999A810809821DA2ED88999A8318040
:10B59000DA2ED8A886963180DA2ED8A8873180DABC
:10B5A0002ED8A88292F34180F1D92ED8A882F3191F
:10B5B00080F1D92ED882ACF3C0A28022F1A62EA7AA
:10B5C0002EA92298A829DAACDEFFD8A2F22AF1A986
:10B5D0002E8292A8F23180A696F1D900AC8C9C0CF8
:10B5E00030ACDED0DEFFD88C9CACD010ACDE8092CC
:10B5F000A2F24C82A8F1CAF235F19688A6D900D8F9
:10B60000F1FF6800000476005401F7FD0001751990
:10B610001A0C6A231B1C00001F207274433B413824
:10B62000393A006B6C376F06246D6E70494D555476
:10B6300061736B0052635461736B00436F6E74727D
:10B640006F6C5461736B0064656661756C745461F2
:10B65000736B00546D7251008300000000080000FD
:10B660000001001832000500000020410000D24215
:10B67000295C0F3E9A99993E3333733F295C0F3E04
:10B68000A0B60008000000204000000050010008A3
:10B69000E0B60008400000202023000070010008F0
:10B6A0000100000010000000E803000000127A0012
:10B6B0000EB6000802B600080000000000000000FE
:10B6C000000000000000000000000000000000007A
:10B6D000000000000000000058B60008AAAAAAAAAC
:04000005080000ED02
:00000001FF
